-- MySQL dump 10.13  Distrib 5.7.19, for Linux (x86_64)
--
-- Host: localhost    Database: nghiavuquansu
-- ------------------------------------------------------
-- Server version	5.7.19-0ubuntu0.16.04.1

/*!40101 SET @OLD_CHARACTER_SET_CLIENT=@@CHARACTER_SET_CLIENT */;
/*!40101 SET @OLD_CHARACTER_SET_RESULTS=@@CHARACTER_SET_RESULTS */;
/*!40101 SET @OLD_COLLATION_CONNECTION=@@COLLATION_CONNECTION */;
/*!40101 SET NAMES utf8 */;
/*!40103 SET @OLD_TIME_ZONE=@@TIME_ZONE */;
/*!40103 SET TIME_ZONE='+00:00' */;
/*!40014 SET @OLD_UNIQUE_CHECKS=@@UNIQUE_CHECKS, UNIQUE_CHECKS=0 */;
/*!40014 SET @OLD_FOREIGN_KEY_CHECKS=@@FOREIGN_KEY_CHECKS, FOREIGN_KEY_CHECKS=0 */;
/*!40101 SET @OLD_SQL_MODE=@@SQL_MODE, SQL_MODE='NO_AUTO_VALUE_ON_ZERO' */;
/*!40111 SET @OLD_SQL_NOTES=@@SQL_NOTES, SQL_NOTES=0 */;

--
-- Table structure for table `capdaotao`
--

DROP TABLE IF EXISTS `capdaotao`;
/*!40101 SET @saved_cs_client     = @@character_set_client */;
/*!40101 SET character_set_client = utf8 */;
CREATE TABLE `capdaotao` (
  `idcapdaotao` int(11) NOT NULL,
  `mota` varchar(100) CHARACTER SET utf8 DEFAULT NULL,
  `in` varchar(45) COLLATE utf8_unicode_ci DEFAULT NULL,
  PRIMARY KEY (`idcapdaotao`)
) ENGINE=InnoDB DEFAULT CHARSET=utf8 COLLATE=utf8_unicode_ci;
/*!40101 SET character_set_client = @saved_cs_client */;

--
-- Dumping data for table `capdaotao`
--

LOCK TABLES `capdaotao` WRITE;
/*!40000 ALTER TABLE `capdaotao` DISABLE KEYS */;
INSERT INTO `capdaotao` VALUES (2,'Lớp 12','12'),(3,'Đại Học','ĐH'),(4,'Cao Đẳng','CĐ'),(5,'Trung Cấp','TC'),(6,'Khác','Khác');
/*!40000 ALTER TABLE `capdaotao` ENABLE KEYS */;
UNLOCK TABLES;

--
-- Table structure for table `congdan`
--

DROP TABLE IF EXISTS `congdan`;
/*!40101 SET @saved_cs_client     = @@character_set_client */;
/*!40101 SET character_set_client = utf8 */;
CREATE TABLE `congdan` (
  `idcongdan` int(11) NOT NULL AUTO_INCREMENT,
  `hoten` varchar(100) COLLATE utf8_unicode_ci NOT NULL,
  `ngaysinh` date NOT NULL,
  `todanpho` varchar(45) CHARACTER SET utf8 DEFAULT NULL,
  `phuong` varchar(50) CHARACTER SET utf8 DEFAULT NULL,
  `trinhdohocvan` varchar(45) CHARACTER SET utf8 DEFAULT NULL,
  `idcapdaotao` int(11) NOT NULL,
  `nganhhoc` varchar(255) CHARACTER SET utf8 DEFAULT NULL,
  `nienkhoa` varchar(25) CHARACTER SET utf8 DEFAULT NULL,
  `diachi` varchar(255) COLLATE utf8_unicode_ci DEFAULT NULL,
  `idlydo` int(11) NOT NULL,
  `idphanloailydo` int(11) DEFAULT NULL,
  `hotencha` varchar(100) COLLATE utf8_unicode_ci DEFAULT NULL,
  `hotenme` varchar(100) COLLATE utf8_unicode_ci DEFAULT NULL,
  `phanloaisuckhoe` varchar(100) COLLATE utf8_unicode_ci DEFAULT NULL,
  `tinhtrangsuckhoe` varchar(255) CHARACTER SET utf8 DEFAULT NULL,
  `ghichu` varchar(255) CHARACTER SET utf8 DEFAULT NULL,
  `lydocuthe` varchar(255) CHARACTER SET utf8 DEFAULT NULL,
  `ghichucanhan` varchar(2000) COLLATE utf8_unicode_ci DEFAULT NULL,
  `tentruong` varchar(100) CHARACTER SET utf8 DEFAULT NULL,
  `created_by` varchar(255) CHARACTER SET utf8 DEFAULT NULL,
  `created_date` datetime DEFAULT NULL,
  `updated_by` varchar(255) COLLATE utf8_unicode_ci DEFAULT NULL,
  `updated_date` datetime DEFAULT NULL,
  PRIMARY KEY (`idcongdan`),
  KEY `fk_congdan_lydo` (`idlydo`),
  KEY `fk_congdan_capdaotao` (`idcapdaotao`),
  CONSTRAINT `fk_congdan_capdaotao` FOREIGN KEY (`idcapdaotao`) REFERENCES `capdaotao` (`idcapdaotao`),
  CONSTRAINT `fk_congdan_lydo` FOREIGN KEY (`idlydo`) REFERENCES `lydo` (`idlydo`)
) ENGINE=InnoDB AUTO_INCREMENT=354 DEFAULT CHARSET=utf8 COLLATE=utf8_unicode_ci;
/*!40101 SET character_set_client = @saved_cs_client */;

--
-- Dumping data for table `congdan`
--

LOCK TABLES `congdan` WRITE;
/*!40000 ALTER TABLE `congdan` DISABLE KEYS */;
INSERT INTO `congdan` VALUES (7,'Bùi Anh Tuấn','1992-03-23','13','Thạch Thang','12',2,'','','',2,0,'Bùi Xuân Tấn','','4','cận 5 độ','','','','',NULL,NULL,'admin','2017-05-19 17:47:17'),(8,'Lê Trịnh Thanh Phong','1994-04-10','22','Thạch Thang','12',2,'','','',2,0,'Lê Văn Phúc','','4','cận 2 độ','','','','','admin','2017-05-19 17:46:47','admin','2017-05-25 09:14:38'),(9,'Lê Phước Toàn','1995-06-26','30','Thạch Thang','',2,'','','',2,0,'Lê Văn Thành','','4','cận 5 độ','','','','','admin','2017-05-19 17:49:54','admin','2017-05-25 09:15:09'),(10,'Nguyễn Thanh Định Hải','1995-11-21','31','Thạch Thang','12',2,'','','',2,0,'Nguyễn Thanh Trình','','4','cận 4 độ','','','','','admin','2017-05-19 17:52:43',NULL,NULL),(11,'Châu Văn Toàn','1993-11-18','','Thạch Thang','12',2,'','','',2,0,'Châu Tuấn','','4','quá cỡ','','','','','admin','2017-05-19 17:55:11',NULL,NULL),(12,'Huỳnh Lân','1993-09-26','37','Thạch Thang','12',2,'','','',2,0,'Huỳnh Vũ','','4','cận 5 độ','','','','','admin','2017-05-19 17:56:37',NULL,NULL),(13,'Phan Đình Lâm','1995-09-29','41','Thạch Thang','12',2,'','','',2,0,'Phan Đình Luân','','4','cận 5 độ','','','','','admin','2017-05-19 17:59:07',NULL,NULL),(14,'Nguyễn Đặng Thành Phước','1995-12-10','47','Thạch Thang','12',2,'','','',2,0,'Nguyễn Đặng Lâm','','4','Xăm toàn bộ cánh tay phải','','','','','admin','2017-05-19 18:02:13',NULL,NULL),(15,'Trần Quốc Khải','1995-10-14','59','Thạch Thang','12',2,'','','',2,0,'Trần Quốc Khánh','','4','cận 5 độ','','','','','admin','2017-05-19 18:04:06',NULL,NULL),(16,'Nguyễn Hồ Phúc','1995-12-04','61','Thạch Thang','12',2,'','','',2,0,'Nguyễn Văn Toàn','','4','Bị bệnh tim bẩm sinh','','','','','admin','2017-05-19 18:06:31',NULL,NULL),(17,'Trương Công Nguyễn Tuấn Anh','1993-09-16','70','Thạch Thang','12',2,'','','',2,0,'Trương Công Nguyễn Tuấn Phiệt','','4','cận 7 độ','','','','','admin','2017-05-19 18:11:03',NULL,NULL),(18,'Nguyễn Văn Thành','1993-09-03','73','Thạch Thang','12',2,'','','',2,0,'Nguyễn Văn Bình','','4','cận 8 độ','','','','','admin','2017-05-19 18:13:11',NULL,NULL),(19,'Nguyễn Văn Huy ','1992-08-16','79','Thạch Thang','12',2,'','','',2,0,'Nguyễn Văn Hùng','','4','cận 3 độ','','','','','admin','2017-05-19 18:14:48',NULL,NULL),(20,'Nguyễn Văn Hoài','1997-11-17','79','Thạch Thang','11',2,'','','',2,0,'Nguyễn Văn Hùng','','4','xăm da','','','','','admin','2017-05-19 18:16:51',NULL,NULL),(21,'Lê Trung Hiếu','1993-07-31','85','Thạch Thang','12',2,'','','',2,0,'Lê Hội','','4','cận 5 độ','','','','','admin','2017-05-19 18:18:53',NULL,NULL),(22,'Nguyễn Nhật Tiến','1996-05-09','86','Thạch Thang','12',2,'','','',2,0,'Nguyễn Văn Thanh','','4','cận 4,5 độ','','','','','admin','2017-05-19 18:21:04',NULL,NULL),(23,'Nguyễn Bá Long','1992-10-18','14','Thạch Thang','12',2,'','','',3,0,'','Lê Thị Liên','','','','Bản thân là lao động chính,hoàn cảnh gia đình rất khó khăn, cha mất sớm,nuôi mẹ, buôn bán thu nhập không ổn định,nuôi em đang đi học.','','','admin','2017-05-19 18:25:55',NULL,NULL),(24,'Nguyễn Mạnh Hùng','1992-10-17','22','Thạch Thang','12',2,'','','',3,0,'','Nguyễn Thị Yến','','','','Bản thân là lao động chính,công việc cha mẹ thu nhập không ổn định,cha làm phụ hồ,mẹ bán vé số.','','','admin','2017-05-19 18:28:36',NULL,NULL),(25,'Lê Trung Nghĩa','1996-09-03','61','Thạch Thang','12',2,'','','',3,0,'Lê Hồng Phong','','','','','Bản thân là lao động chính, nuôi cha khuyết tật thường xuyên đau ốm,mẹ mất sớm.','','','admin','2017-05-19 18:30:43',NULL,NULL),(26,'Trần Văn Được','1995-12-01','71','Thạch Thang','12',2,'','','',3,0,'','Nguyễn Thị Ngọc','','','','-Bản thân là lao động chính, nuôi mẹ buôn bán thu nhập không ổn định\r\n- Hoàn cảnh gia đình rất khó khăn,chỉ có 2 mẹ con sống với nhau','','','admin','2017-05-19 18:34:44',NULL,NULL),(27,'Đoàn Trung Tín','1994-09-22','77','Thạch Thang','12',2,'','','',3,0,'Đoàn Đại Lực','','','','','Bản thân là lao động chính,nuôi cha mẹ mất sức lao động','','','admin','2017-05-19 18:37:48',NULL,NULL),(28,'Ngô Văn Minh','1994-02-12','1','Thạch Thang','12',3,'Cơ khí','2013-2018','',8,0,'Ngô Văn Lâm','','','','','','','ĐH Bách Khoa Đà Nẵng','admin','2017-05-19 20:08:50',NULL,NULL),(29,'Nguyễn Hòa Vĩnh','1994-10-14','1','Thạch Thang','12',2,'','','',8,0,'','Hồ Thị Thu Vân','','','','','','Du học Nhật','admin','2017-05-19 20:11:20',NULL,NULL),(30,'Ngô Văn Tâm','1994-02-12','1','Thạch Thang','12',3,'Cơ khí giao thông','2015-2020','',8,0,'Ngô Văn Lâm','','','','','','','ĐH Bách Khoa ĐN','admin','2017-05-19 20:23:12',NULL,NULL),(31,'Lê Thành Trác','1997-09-20','2','Thạch Thang','12',3,'Quản Trị Kinh Doanh','2015-2019','',8,0,'','Dương Thị Thi','','','','','','ĐH Kinh Tế ĐN','admin','2017-05-19 20:25:47',NULL,NULL),(32,'Ngô Xuân Minh','1998-01-12','2','Thạch Thang','12',3,'Quản Trị Du Lịch','2016-2020','',8,0,'Ngô Xuân Chung','','','','','','','ĐH Duy Tân ĐN','admin','2017-05-19 20:28:20',NULL,NULL),(33,'Ngô Đình Phan Kiếm','1995-05-11','3','Thạch Thang','12',3,'Công Nghệ Thông Tin','2014-2017','',8,0,'','Phan Thị Thành','','','','','','ĐH Duy Tân ĐN','admin','2017-05-19 20:30:50',NULL,NULL),(34,'Lý Anh Quân','1998-12-24','6','Thạch Thang','12',3,'Xây Dựng','2016-2021','',8,0,'Lý Ngọc Minh','','','','','','','ĐH Duy Tân ĐN','admin','2017-05-19 20:33:19',NULL,NULL),(35,'Nguyễn Hoàng','1997-02-25','7','Thạch Thang','12',3,'Điện Tử','2015-2020','',8,0,'Cháu:Tạ Thị Quế','','','','','','','Học Viện Kĩ Thuật Quân Sự','admin','2017-05-19 20:36:45',NULL,NULL),(36,'Đỗ Tuấn Minh','1998-07-06','8','Thạch Thang','12',3,'Xây Dựng','2016-2021','',8,0,'Đỗ Anh Tuấn','','','','','','','ĐH Bách Khoa ĐN','admin','2017-05-19 20:41:05',NULL,NULL),(37,'Đỗ Hoàng Nam','1994-08-09','9','Thạch Thang','12',3,'Công Nghệ Thông Tin','2012-2017','',8,0,'Đỗ Xuân Đồng','','','','','','','ĐH Sư Phạm ĐN','admin','2017-05-19 20:44:19',NULL,NULL),(38,'Hoàng Minh Quang','1995-06-30','9','Thạch Thang','12',3,'Quản Trị Kinh Doanh','2013-2017','',7,0,'Hoàng Minh Sơn','','','','','','','ĐH FPT HCM','admin','2017-05-19 20:55:38',NULL,NULL),(39,'Nguyễn Quốc Lê Uy ','1996-07-19','9','Thạch Thang','12',3,'Dược','2015-2020','',8,0,'','Lê Thị Thu Thảo','','','','','','ĐH Duy Tân ĐN','admin','2017-05-19 20:58:13',NULL,NULL),(40,'Hoàng Quốc Trung','1996-07-08','9','Thạch Thang','12',3,'Du Lịch','2015-2019','',8,0,'','Mai Thị Hồng Huyên','','','','','','ĐH Duy Tân ĐN','admin','2017-05-19 21:00:56',NULL,NULL),(41,'Nguyễn Minh Hoàng ','1997-02-10','9','Thạch Thang','12',3,'Ngoại Ngữ','2015-2019','',8,0,'Nguyễn Mạnh Hùng','','','','','','','ĐH Duy Tân ĐN','admin','2017-05-19 21:02:56',NULL,NULL),(42,'Nguyễn Thành Vinh','1998-07-18','10','Thạch Thang','',2,'Marketing','2016-2020','',8,0,'','Nguyễn Thị Thanh Hải','','','','','','ĐH Kinh Tế ĐN','admin','2017-05-19 21:07:38',NULL,NULL),(43,'Phan Nhật Ánh','1996-04-01','11','Thạch Thang','12',3,'Công Nghệ Thông Tin','2014-2019','',8,0,'Phan Hồng Thái','','','','','','','ĐH Bách Khoa ĐN','admin','2017-05-19 21:10:34',NULL,NULL),(44,'Phạm Ngọc Thanh Hưng','1998-09-28','11','Thạch Thang','12',3,'Công Nghệ Thông Tin','2016-2020','',8,0,'Phạm Ngọc Thanh','','','','','','','ĐH FPT HCM','admin','2017-05-19 21:14:32',NULL,NULL),(45,'Phan Hồng Trí','1995-10-26','12','Thạch Thang','12',3,'Hóa Học','2013-2017','',8,0,'Phan Hồng Tư','','','','','','','ĐH Sư Phạm ĐN','admin','2017-05-19 21:17:09',NULL,NULL),(46,'Vũ Hữu Thắng','1995-10-15','12','Thạch Thang','12',3,'Công Nghệ Thông Tin','2013-2017','',8,0,'','Lê Thị Thương Huyền','','','','','','ĐH Duy Tân ĐN','admin','2017-05-19 21:19:12',NULL,NULL),(47,'Lê Đình An','1994-10-24','13','Thạch Thang','12',3,'Tiếng Anh','2013-2017','',8,0,'','Đỗ Thị Tâm','','','','','','Viện Goethe HCM','admin','2017-05-19 21:21:04',NULL,NULL),(48,'Nguyễn Viết Nam','1997-05-22','13','Thạch Thang','12',3,'Quản Trị Du Lịch','2016-2020','',8,0,'Nguyễn Viết Đường','','','','','','','ĐH Duy Tân ĐN','admin','2017-05-19 21:22:55',NULL,NULL),(49,'Đặng Phạm Phú An','1995-12-03','14','Thạch Thang','12',3,'Toán ứng dụng','2013-2017','',8,0,'Đặng Văn Bình','','','','','','','ĐH Sư Phạm ĐN','admin','2017-05-19 21:28:30',NULL,NULL),(50,'Trần Văn Thắng','1998-08-28','14','Thạch Thang','12',3,'','','',8,0,'','Trần Thị Hà','','','','','','12 Tôn Thất Tùng','admin','2017-05-19 21:30:20',NULL,NULL),(51,'Đinh Quang Minh','1995-08-14','15','Thạch Thang','12',3,'Quản Trị Nhân Lực','2015-2020','',8,0,'','Nguyễn Thị Thanh Vân','','','','','','ĐH Hoa Sen HCM','admin','2017-05-19 21:33:10',NULL,NULL),(52,'Nguyễn Quang Khôi','1997-06-15','15','Thạch Thang','12',3,'Quản Trị Kinh Doanh','2016-2020','',8,0,'Nguyễn Quang Đức','','','','','','','ĐH Kinh Tế ĐN','admin','2017-05-19 21:34:50',NULL,NULL),(53,'Huỳnh Tấn Phúc','1997-07-08','15','Thạch Thang','12',4,'Điện','2015-2018','',8,0,'Huỳnh Tấn Phong','','','','','','','CĐ Công Nghệ ĐN','admin','2017-05-19 21:37:25',NULL,NULL),(54,'Trần Minh Thảo','1994-07-10','16','Thạch Thang','12',3,'Luật','2013-2017','',8,0,'Trần Minh Tuấn','','','','','','','ĐH Luật HCM','admin','2017-05-19 21:39:20',NULL,NULL),(55,'Nguyễn Hữu Chính','1995-09-30','17','Thạch Thang','12',3,'Đào tạo quốc tế','2013-2017','',8,0,'Nguyễn Trường Sơn','','','','','','','ĐH Duy Tân ĐN','admin','2017-05-19 21:41:06',NULL,NULL),(56,'Nguyễn Minh Thịnh','1995-12-02','17','Thạch Thang','12',3,'Quản Trị Kinh Doanh','2013-2017','',8,0,'Nguyễn Anh Tuấn','','','','','','','CĐ Thương Mại ĐN','admin','2017-05-19 21:43:58',NULL,NULL),(57,'Phan Minh Nhật','1998-04-06','17','Thạch Thang','12',2,'Kỹ thuật cơ- điện tử','2016-2021','',8,0,'Phan Đại','','','','','','','ĐH Bách Khoa ĐN','admin','2017-05-19 21:45:39',NULL,NULL),(58,'Trần Minh','1993-05-12','18','Thạch Thang','12',6,'','','',8,0,'Trần Nghị','','','','','','','Du học Mĩ','admin','2017-05-19 22:07:12',NULL,NULL),(59,'Nguyễn Đức Thành','1995-01-26','18','Thạch Thang','12',3,'Ngoại Thương','2013-2017','',8,0,'Nguyễn Đức Thắng','','','','','','','ĐH Kinh Tế ĐN','admin','2017-05-19 22:12:39',NULL,NULL),(60,'Lê Anh Đức','1994-01-12','19','Thạch Thang','12',3,'Quản Trị Kinh Doanh','2012-2017','',8,0,'Lê Anh Nhân','','','','','','','ĐH Kinh Tế HCM','admin','2017-05-19 22:17:15',NULL,NULL),(61,'Đinh Ngọc Hồng Quân','1996-09-26','19','Thạch Thang','12',3,'Kế Toán','2013-2017','',8,0,'Đinh Ngọc Lạc','','','','','','','ĐH Duy Tân ĐN','admin','2017-05-19 22:19:16',NULL,NULL),(62,'Truopng Thành Đạt','1996-10-02','19','Thạch Thang','12',3,'Quản Trị Kinh Doanh','2014-2017','',8,0,'Trương Văn Hậu','','','','','','','CĐ Thương Mại ĐN','admin','2017-05-19 22:21:23',NULL,NULL),(63,'Trần Sỹ Danh','1995-08-27','20','Thạch Thang','12',3,'Điện tự động','2014-2018','',8,0,'Trần Sỹ Dung','','','','','','','ĐH Đông Á ĐN','admin','2017-05-19 22:24:59',NULL,NULL),(64,'Lê Hoàng Minh ','1995-05-28','20','Thạch Thang','12',3,'Công Nghệ Thông Tin','2015-2017','',8,0,'Lê Nguyên Hồng','','','','','','','CĐ Công Nghệ ĐN','admin','2017-05-19 22:26:23',NULL,NULL),(65,'Đặng Hoàng Khôi','1997-01-01','20','Thạch Thang','12',3,'Kĩ sư tiên tiến','2015-2020','',8,0,'','Hoàng Thị Mỹ Hạnh','','','','','','ĐH Bách Khoa ĐN','admin','2017-05-19 22:28:47',NULL,NULL),(66,'Đoàn Nguyễn Gia Khánh','1998-07-14','20','Thạch Thang','12',3,'Toán học','2016-2020','',8,0,'Đoàn Văn Thanh','','','','','','','ĐH Sư Phạm ĐN','admin','2017-05-19 22:40:39',NULL,NULL),(67,'Ngô Ngọc Hưng','1995-01-29','22','Thạch Thang','12',4,'Quản Trị Khách Sạn','2015-2018','',8,0,'','Trần Thị Xuân','','','','','','CĐ Nghề Hoa Sen ĐN','admin','2017-05-19 22:43:19',NULL,NULL),(68,'Phạm Sỹ Hải Long','1995-01-01','22','Thạch Thang','12',3,'Tiến Anh','2014-2018','',8,0,'Phạm Hải Vân','','','','','','','ĐH Ngoại Ngữ ĐN','admin','2017-05-19 22:45:45',NULL,NULL),(69,'Phùng Gia Bảo','1995-04-11','22','Thạch Thang','12',3,'Quốc Tế Học','2013-2017','h',8,0,'','Phạm Thị Thu Thủy','','','','','','ĐH Ngoại Ngữ ĐN','admin','2017-05-19 22:47:58',NULL,NULL),(70,'Vũ Ngọc Thái Bình','1997-08-25','22','Thạch Thang','12',3,'Điều khiển tàu biển','2015-2018','',8,0,'Vũ Ngọc Tăng','','','','','','','ĐH Hàng Hải VN','admin','2017-05-19 22:49:53',NULL,NULL),(71,'Bảo Hoàng','1995-10-01','23','Thạch Thang','12',3,'Quản Trị Kinh Doanh','2014-2017','',8,0,'Vĩnh Hải','','','','','','','ĐH Duy Tân ĐN','admin','2017-05-19 22:52:34',NULL,NULL),(72,'Đoàn Xuân Nhật','1995-08-11','24','Thạch Thang','12',3,'Khoa học trồng cây','2013-2017','',8,0,'Đoàn Xuân Ninh','','','','','','','ĐH Huế','admin','2017-05-19 22:54:25',NULL,NULL),(73,'Võ Đức Duy','1997-11-10','24','Thạch Thang','12',3,'Xây Dựng','2015-2020','',8,0,'Võ Đức Minh','','','','','','','ĐH Duy Tân ĐN','admin','2017-05-19 22:56:13',NULL,NULL),(74,'Nguyễn Hải Minh','1997-04-14','25','Thạch Thang','12',3,'Y dược','2015-2021','',8,0,'Nguyễn Duy Hải','','','','','','','ĐH Đà Nẵng',NULL,NULL,'admin','2017-05-19 23:01:52'),(75,'Nguyễn Hữu Quang','1998-11-05','25','Thạch Thang','12',3,'Hệ thống nhúng','2016-2021','',8,0,'Nguyễn Hữu Anh','','','','','','','ĐH Bách Khoa ĐN','admin','2017-05-19 23:04:08',NULL,NULL),(76,'Ngô Gia Huy','1996-01-03','26','Thạch Thang','12',3,'Kiến trúc','2014-2019','',8,0,'Ngô Thế Quang','','','','','','','ĐH Kiến Trúc HCM','admin','2017-05-19 23:06:43',NULL,NULL),(77,'Nguyễn Văn Thiên','1995-12-21','26','Thạch Thang','12',3,'Điện Tử','2013-2017','',8,0,'Nguyễn Văn Thắng','','','','','','','ĐH Duy Tân ĐN','admin','2017-05-19 23:08:18',NULL,NULL),(78,'Trà Quốc Đạt','1995-08-23','26','Thạch Thang','12',3,'An ninh HK','2014-2019','',8,0,'Trà Đức','','','','','','','ĐH Hàng Không HCM','admin','2017-05-19 23:12:57',NULL,NULL),(79,'Tôn Hưng Duy','1997-06-20','26','Thạch Thang','12',5,'Hướng dẫn du lịch','2015-2018','',8,0,'','Hồ H.T. Mộng Duyên','','','','','','Trường TC Ý-Việt ĐN','admin','2017-05-19 23:16:33',NULL,NULL),(80,'Nguyễn Công Hoàng Tín','1998-04-03','26','Thạch Thang','12',3,'Công Nghệ Thông Tin','2016-2020','',8,0,'Nguyễn Thành','','','','','','','ĐH Công Nghiệp HCM','admin','2017-05-19 23:18:06',NULL,NULL),(81,'Lữ Lê Phú Khang','1993-10-20','27','Thạch Thang','12',6,'','','',8,0,'Lữ Khá','','','','','','','Du học Úc','admin','2017-05-19 23:20:19',NULL,NULL),(82,'Hồ Viết Quang','1995-05-01','28','Thạch Thang','12',3,'Quản Trị Tài Chính','2013-2017','',8,0,'Hồ Viết Toản','','','','','','','ĐH Kinh Tế ĐN','admin','2017-05-19 23:22:17',NULL,NULL),(83,'Nguyễn Phương Tín','1995-11-24','28','Thạch Thang','12',3,'Quản Trị Tài Chính','2013-2017','',8,0,'Nguyễn Phương Trung','','','','','','','ĐH Kinh Tế ĐN','admin','2017-05-19 23:23:50',NULL,NULL),(84,'Nguyễn Đăng Huynh','1997-03-28','28','Thạch Thang','12',3,'Xây Dựng','2015-2020','',8,0,'Nguyễn Đăng Hưng','','','','','','','ĐH Bách Khoa ĐN','admin','2017-05-19 23:25:43',NULL,NULL),(85,'Nguyễn Đăng Hướng','1997-03-28','28','Thạch Thang','12',3,'Điều dưỡng','2015-2017','',8,0,'Nguyễn Đăng Hưng','','','','','','','ĐH Y Dược ĐN','admin','2017-05-19 23:28:05',NULL,NULL),(86,'Cao Nguyễn Hoàng Gia','1998-12-07','28','Thạch Thang','12',3,'Khí Tượng','2016-2020','',8,0,'Cao Xuân Bình','','','','','','','ĐH TN&MT HCM','admin','2017-05-19 23:30:45',NULL,NULL),(87,'Nguyễn Văn Tiến Dũng','1995-02-28','29','Thạch Thang','12',3,'Đào tạo quốc tế','2013-2017','',8,0,'Nguyễn Văn MInh','','','','','','','ĐH Duy Tân ĐN','admin','2017-05-19 23:32:13',NULL,NULL),(88,'Lê Kim Tú','1998-02-06','29','Thạch Thang','12',3,'Quản Trị Du Lịch','2016-2020','',8,0,'Lê Tấn','','','','','','','ĐH Duy Tân ĐN','admin','2017-05-19 23:33:38',NULL,NULL),(89,'Nguyễn MInh Kha','1998-11-18','27','Thạch Thang','12',3,'Quản Trị Kinh Doanh','2016-2020','',8,0,'Nguyễn Văn Thọ','','','','','','','Viện NC&ĐT Việt-Anh','admin','2017-05-19 23:35:52',NULL,NULL),(90,'Trương Duy Bảo','1996-01-05','30','Thạch Thang','12',3,'Xây Dựng','2015-2020','',8,0,'Trương Duy Nhất','','','','','','','ĐH Kiến Trúc ĐN','admin','2017-05-19 23:37:48',NULL,NULL),(91,'Đặng Lê Gia Bảo','1998-06-26','31','Thạch Thang','12',3,'Kinh doanh quốc tế','2016-2020','',8,0,'Đặng Xuân Tâm','','','','','','','ĐH Kinh Tế ĐN','admin','2017-05-19 23:39:28',NULL,NULL),(92,'Văn Phú Đức','1995-01-27','32','Thạch Thang','12',3,'Sinh học','2015-2020','',8,0,'Văn Phú Ngọc','','','','','','','ĐH Sư Phạm HCM','admin','2017-05-19 23:41:29',NULL,NULL),(93,'Trần Thanh Bình','1996-12-23','32','Thạch Thang','12',3,'Luật','2014-2018','',8,0,'Trần Thanh Vân','','','','','','','ĐH Kinh Tế ĐN','admin','2017-05-19 23:42:42',NULL,NULL),(94,'Châu Thịnh','1997-09-14','34','Thạch Thang','12',3,'Công Nghệ Thông Tin','2015-2017','',8,0,'Châu Hỷ','','','','','','','CĐ Công Nghệ ĐN','admin','2017-05-19 23:44:38',NULL,NULL),(95,'Cao Phan Thanh','1995-03-26','35','Thạch Thang','12',3,'Bóng đá','2014-2018','',8,0,'Cao Văn Minh','','','','','','','ĐH TDTT ĐN','admin','2017-05-19 23:47:06',NULL,NULL),(96,'Lê Tấn Anh Tuấn','1998-10-29','35','Thạch Thang','12',3,'Tiến Anh','2016-2020','',8,0,'Lê Tấn Sáu','','','','','','','ĐH Ngoại Ngữ ĐN','admin','2017-05-20 06:29:02',NULL,NULL),(97,'Nguyễn Chí Trung','1994-02-15','36','Thạch Thang','12',4,'CĐ Thực Hành','2015-2018','',8,0,'','Phạm Thị Thu Lan','','','','','','ĐH Duy Tân ĐN','admin','2017-05-20 06:31:18',NULL,NULL),(98,'Hồ H.Bạch Thiên Luân','1998-10-03','36','Thạch Thang','12',3,'Quản Trị Du Lịch','2016-2020','',8,0,'','Huỳnh Thị Qúy','','','','','','ĐH Duy Tân ĐN','admin','2017-05-20 06:33:07',NULL,NULL),(99,'Bùi Anh Hào','1994-01-24','37','Thạch Thang','12',3,'Kiến trúc','2012-2017','',8,0,'Bùi Công Phường','','','','','','','ĐH Văn Lang HCM','admin','2017-05-20 06:35:29',NULL,NULL),(100,'Nguyễn Trương Quốc Anh','1995-11-15','37','Thạch Thang','12',3,'Quản Trị Tài Chính','2013-2017','',8,0,'Nguyễn Hữu Tụê','','','','','','','ĐH Kinh Tế ĐN','admin','2017-05-20 06:37:35',NULL,NULL),(101,'Dương Quang Hiếu','1996-05-03','37','Thạch Thang','12',3,'Y học cổ truyền','2015-2021','',8,0,'Dương Quang Qúy','','','','','','','ĐH Y Dược Huế','admin','2017-05-20 06:39:37',NULL,NULL),(102,'Trần Mạnh Long','1997-11-06','38','Thạch Thang','12',3,'Quản Trị Du Lịch','2015-2019','',8,0,'Trần Mạnh Lộc','','','','','','','ĐH Duy Tân ĐN','admin','2017-05-20 06:40:57',NULL,NULL),(103,'Lê Tự Nhật Vinh','1994-10-02','39','Thạch Thang','12',3,'Bóng đá','2013-2017','',8,0,'Lê Tự Ngọc','','','','','','','ĐH TDTT ĐN','admin','2017-05-20 06:42:26',NULL,NULL),(104,'Phạm Viết Sơn','1995-07-28','39','Thạch Thang','12',3,'Đào tạo quốc tế','2013-2017','',8,0,'Phạm Ngọc Huy','','','','','','','ĐH Duy Tân ĐN','admin','2017-05-20 06:43:54',NULL,NULL),(105,'Nguyễn Thanh Bình','1995-10-01','39','Thạch Thang','12',3,'Tiến Anh','2013-2018','',8,0,'','Lê Thị Thanh Phượng','','','','','','ĐH RMIT HCM','admin','2017-05-20 06:45:38',NULL,NULL),(106,'Bùi Nguyên Khôi','1997-03-18','39','Thạch Thang','12',3,'Điện-Điện Tử','2015-2019','',8,0,'Bùi Văn Tuyến','','','','','','','ĐH Duy Tân ĐN','admin','2017-05-20 06:47:34',NULL,NULL),(107,'Nguyễn Vương Qốc ','1994-06-12','40','Thạch Thang','12',4,'Điện-Điện Tử','2015-2018','',8,0,'Nguyễn Thanh Tuấn','','','','','','','CĐ Công Nghệ ĐN','admin','2017-05-20 06:49:25',NULL,NULL),(108,'Lê Gia Nghiêm','1994-02-23','40','Thạch Thang','12',3,'Quản Trị Du Lịch','2013-2017','',8,0,'Lê Công Bình','','','','','','','ĐH Duy Tân ĐN','admin','2017-05-20 06:50:47',NULL,NULL),(109,'Trương Thế Tín','1998-10-08','40','Thạch Thang','12',3,'Tiến Anh','2016-2020','',8,0,'Trương Bách Thắng','','','','','','','ĐH Ngoại Ngữ ĐN','admin','2017-05-20 06:52:11',NULL,NULL),(110,'Trần Vinh Quang','1994-08-20','41','Thạch Thang','12',3,'Thiết kế thời trang','2012-2017','',8,0,'Trần Quang Dũng','','','','','','','ĐH Tôn Đức Thắng HCM','admin','2017-05-20 06:54:06',NULL,NULL),(111,'Lê Vĩnh Hưng','1997-06-19','41','Thạch Thang','12',3,'Du Lịch','2015-2019','',8,0,'Lê Vinh Hão','','','','','','','ĐH Duy Tân ĐN','admin','2017-05-20 06:56:58',NULL,NULL),(112,'Trần Vĩnh Thiện','1997-10-12','41','Thạch Thang','12',3,'Y đa khoa','2015-2022','',8,0,'Trần Vĩnh Thế','','','','','','','ĐH Duy Tân ĐN','admin','2017-05-20 06:59:47',NULL,NULL),(113,'Lê Vĩnh Toàn','1998-10-06','41','Thạch Thang','12',3,'Quản Trị Nhân Lực','2016-2020','',8,0,'Lê Vĩnh Tường','','','','','','','ĐH Kinh Tế ĐN','admin','2017-05-20 07:01:33',NULL,NULL),(114,'Trần Xuân Qúy','1994-01-01','42','Thạch Thang','12',3,'Điện','2013-2017','',8,0,'Trần Xuân Thu','','','','','','','ĐH Duy Tân ĐN','admin','2017-05-20 07:03:06',NULL,NULL),(115,'Nguyễn Hoàng Nhật Quang','1994-03-09','42','Thạch Thang','12',3,'Kiến trúc','2012-2017','',8,0,'Nguyễn Hoàng Sinh','','','','','','','ĐH Kiến Trúc ĐN','admin','2017-05-20 07:04:51',NULL,NULL),(116,'Nguyễn Hoàng Nhật Tân','1997-04-14','42','Thạch Thang','12',4,'Chế biến món ăn','2015-2017','',8,0,'Nguyễn Hoàng Sinh','','','','','','','CĐ Nghề Việt- Úc ĐN','admin','2017-05-20 07:07:34',NULL,NULL),(117,'Trương Khắc Giang','1997-04-28','45','Thạch Thang','12',3,'Điện-Điện Tử','2015-2019','',8,0,'','Phan Thị Thu Đông','','','','','','ĐH Duy Tân ĐN','admin','2017-05-20 07:09:04',NULL,NULL),(118,'Lê Đình Đông ','1996-11-12','46','Thạch Thang','12',3,'Sinh học','2014-2020','',8,0,'','Nguyễn Thị Thu','','','','','','ĐH Tp.HCM','admin','2017-05-20 07:10:48',NULL,NULL),(119,'Nguyễn Xuân Duy','1996-08-20','46','Thạch Thang','12',3,'Tiến Pháp','2014-2018','',8,0,'Nguyễn Thanh Tâm','','','','','','','ĐH Ngoại Ngữ ĐN','admin','2017-05-20 07:12:29',NULL,NULL),(120,'Nguyễn Thế Xuân Phước','1998-11-17','46','Thạch Thang','12',3,'KT điều khiển&TĐH','2016-2020','',8,0,'Nguyễn Thế Khoa','','','','','','','ĐH Bách Khoa ĐN','admin','2017-05-20 07:14:06',NULL,NULL),(121,'Nguyễn Hoàng Nguyên','1991-09-12','47','Thạch Thang','12',3,'Tài chính ngân hàng','2015-2019','',8,0,'Nguyễn Thanh Sơn','','','','','','','Viện ĐH Mở Hà Nội','admin','2017-05-20 07:16:04',NULL,NULL),(122,'Huỳnh Ngọc Long','1993-04-18','47','Thạch Thang','12',3,'Kế toán DN','2015-2017','',8,0,'Huỳnh Thiện Tâm','','','','','','','ĐH Kinh Tế HCM','admin','2017-05-20 07:17:37',NULL,NULL),(123,'Nguyễn Thanh Long','1993-11-18','47','Thạch Thang','12',3,'Kĩ thuật phần mềm','2014-2018','',8,0,'Nguyễn Văn Đức','','','','','','','ĐH FPT HCM','admin','2017-05-20 07:19:06',NULL,NULL),(124,'Nguyễn Phi Long ','1996-08-26','47','Thạch Thang','12',3,'Vật lý học','2014-2018','',8,0,'','Lê Thị Chọn','','','','','','ĐH Sư Phạm ĐN','admin','2017-05-20 07:20:40',NULL,NULL),(125,'Nguyễn Hồng Quân','1997-12-08','47','Thạch Thang','',4,'Cơ điện tử','2016-2019','',8,0,'','Lê Thị Chọn','','','','','','CĐ Công Nghệ ĐN','admin','2017-05-20 07:22:29',NULL,NULL),(126,'Trần Xuân Mạnh','1998-11-16','47','Thạch Thang','12',3,'Quản trị chuỗi cung ứng','2016-2020','',8,0,'Trần Quang Minh','','','','','','','ĐH Kinh Tế ĐN','admin','2017-05-20 07:23:51',NULL,NULL),(127,'Ngô Qúy Hưng','1996-11-18','49','Thạch Thang','12',3,'Điện Tử','2014-2017','',8,0,'','Lê Thị Hạnh','','','','','','CĐ Công Nghệ ĐN','admin','2017-05-20 07:25:11',NULL,NULL),(128,'Trần Đăng Khoa','1996-12-04','49','Thạch Thang','12',3,'Quản Trị Kinh Doanh','2014-2017','',8,0,'Trần Đăng Dũng','','','','','','','CĐ Thương Mại ĐN','admin','2017-05-20 07:26:39',NULL,NULL),(129,'Lê Thành Trác','1997-09-20','49','Thạch Thang','12',3,'Công Nghệ Thông Tin','2016-2020','',8,0,'Lê Thành Tuân','','','','','','','ĐH Duy Tân ĐN','admin','2017-05-20 07:27:38',NULL,NULL),(130,'Trần Văn Minh Huy','1998-11-06','49','Thạch Thang','12',3,'Quản Trị Khách Sạn','2016-2020','',8,0,'','Ngô Thị Như Mai','','','','','','ĐH Duy Tân ĐN','admin','2017-05-20 07:28:54',NULL,NULL),(131,'Nguyễn Đình Hoàng Vũ','1998-12-13','49','Thạch Thang','12',3,'Kiến trúc công trình','2016-2020','',8,0,'Nguyễn Đình Tuấn','','','','','','','ĐH Duy Tân ĐN','admin','2017-05-20 07:30:12',NULL,NULL),(132,'Nguyễn Đăng Hải','1993-10-25','50','Thạch Thang','12',3,'Kĩ thuật điện tử','2016-2018','',8,0,'Nguyễn Đăng Phục','','','','','','','ĐH Bách Khoa ĐN','admin','2017-05-20 07:35:39',NULL,NULL),(133,'Nguyễn Văn Huy','1995-01-18','50','Thạch Thang','12',3,'Quản Trị Kinh Doanh','2012-2017','',8,0,'Nguyễn Văn Mẫn','','','','','','','ĐH Bách Khoa HCM','admin','2017-05-20 07:37:11',NULL,NULL),(134,'Phạm Bá Tân','1996-11-03','51','Thạch Thang','12',3,'Dược','2014-2019','',8,0,'Phạm Bá Phúc','','','','','','','ĐH Duy Tân ĐN','admin','2017-05-20 07:39:10',NULL,NULL),(135,'Vũ Bằng','1996-11-03','51','Thạch Thang','12',3,'Tiếng Pháp','2015-2019','',8,0,'Vũ Đông Tú','','','','','','','ĐH Ngoại Ngữ ĐN','admin','2017-05-20 07:40:47',NULL,NULL),(136,'Hồ Hoàng Minh','1996-01-19','51','Thạch Thang','12',3,'Quản lý dự án','2014-2019','',8,0,'Hồ Thái Hòa','','','','','','','ĐH Bách Khoa ĐN','admin','2017-05-20 07:42:59',NULL,NULL),(137,'Trịnh Thu Đông','1998-10-12','51','Thạch Thang','12',3,'Quản Trị Kinh Doanh','2016-2019','',8,0,'Trịnh Đình Thu','','','','','','','CĐ Thương Mại ĐN','admin','2017-05-20 07:44:42',NULL,NULL),(138,'Nguyễn Vũ Lê Minh','1994-05-22','52','Thạch Thang','12',3,'Điện Tử- viễn thông','2012-2017','',8,0,'Nguyễn Lê Ngọc','','','','','','','ĐH Huế','admin','2017-05-20 07:46:15',NULL,NULL),(139,'Trần Phước Hạnh','1997-04-08','53','Thạch Thang','12',3,'Hóa Học','2015-2019','',8,0,'Trần Phước Song','','','','','','','ĐH Sư Phạm ĐN','admin','2017-05-20 07:47:43',NULL,NULL),(140,'Huỳnh Minh Phương','1997-10-11','53','Thạch Thang','12',3,'Điện ','2015-2019','',8,0,'Huỳnh Minh Phước','','','','','','','ĐH Bách Khoa ĐN','admin','2017-05-20 07:49:16',NULL,NULL),(141,'Huỳnh Minh Châu','1998-12-29','53','Thạch Thang','12',3,'Kĩ sư CLC','2016-2021','',8,0,'Huỳnh Minh Phước','','','','','','','ĐH Bách Khoa ĐN','admin','2017-05-20 07:50:50',NULL,NULL),(142,'Nguyễn Bá Anh Kiệt','1995-11-23','54','Thạch Thang','12',3,'Tiến Anh','2013-2017','',8,0,'','Phạm Thị Thu Cúc','','','','','','CĐ Ngoại Ngữ ĐN','admin','2017-05-20 07:52:43',NULL,NULL),(143,'Nguyễn Thế Huân','1996-08-08','54','Thạch Thang','12',4,'Chế biến món ăn','2014-2017','',8,0,'Nguyễn Thế Hoành','','','','','','','CĐ Nghề Việt- Úc ĐN','admin','2017-05-20 08:01:16',NULL,NULL),(144,'Võ Chí Hiếu','1998-12-12','54','Thạch Thang','12',3,'Hóa Học','2016-2020','',8,0,'Võ Kim Cường','','','','','','','ĐH Sư Phạm ĐN','admin','2017-05-20 08:02:37',NULL,NULL),(145,'Võ Trọng Hiếu','1995-11-13','55','Thạch Thang','12',3,'Thiết kế đồ họa','2014-2019','',8,0,'Võ Hoàng Anh','','','','','','','ĐH Mỹ Thuật HCM','admin','2017-05-20 08:04:16',NULL,NULL),(146,'Lê Nguyễn Nhật Huy','1995-11-01','56','Thạch Thang','12',3,'Kiến trúc','2015-2020','',8,0,'Lê Vinh','','','','','','','ĐH Bách Khoa ĐN','admin','2017-05-20 08:06:13',NULL,NULL),(147,'Đoàn Đức Huy Bình','1997-08-14','56','Thạch Thang','12',4,'Công Nghệ Thông Tin','2015-2018','',8,0,'Đoàn Đức Chi','','','','','','','CĐ Công Nghệ ĐN','admin','2017-05-20 08:08:10',NULL,NULL),(148,'Lê Công Vinh','1997-11-18','56','Thạch Thang','12',3,'Quản Trị Khách Sạn','2016-2020','',8,0,'Lê Văn Kỳ','','','','','','','ĐH Duy Tân ĐN','admin','2017-05-20 08:10:01',NULL,NULL),(149,'Võ Văn Thịnh','1995-10-24','57','Thạch Thang','12',6,'','','',8,0,'Võ Văn Thanh','','','','','','','Du học Mĩ','admin','2017-05-20 08:11:19',NULL,NULL),(150,'vŨ Song Toàn','1995-06-05','58','Thạch Thang','12',3,'PFIEV','2013-2018','',8,0,'Vũ Văn Thư','','','','','','','ĐH Bách Khoa ĐN','admin','2017-05-20 08:13:00',NULL,NULL),(151,'Nguyễn Thành Đạt','1996-05-24','58','Thạch Thang','12',3,'Du Lịch','2015-2019','',8,0,'Nguyễn Thành Ba','','','','','','','ĐH Duy Tân ĐN','admin','2017-05-20 08:14:27',NULL,NULL),(152,'Hoàng Nhật Nguyên','1997-11-08','58','Thạch Thang','12',2,'','','',8,0,'Hoàng Đình Long','','','','','','','THPT Thanh Khê','admin','2017-05-20 08:15:58',NULL,NULL),(153,'Bùi Cao Đạt','1992-04-16','59','Thạch Thang','12',6,'','','',8,0,'Bùi Văn Thạch','','','','','','','Du học Mĩ','admin','2017-05-20 08:17:05',NULL,NULL),(154,'Đoàn Văn Thịnh','1995-09-18','60','Thạch Thang','12',3,'Quản Lí Bay','2013-2017','',8,0,'Đoàn Văn Thái','','','','','','','ĐH Hàng Không HCM','admin','2017-05-20 08:18:32',NULL,NULL),(155,'Nguyễn Hoàng Quốc Cường','1992-08-31','62','Thạch Thang','12',6,'','','',8,0,'Nguyễn Văn Cường','','','','','','','Du học Mĩ','admin','2017-05-20 08:19:49',NULL,NULL),(156,'Lê Quốc Trí','1994-07-07','62','Thạch Thang','12',3,'Điện tử viễn thông','2012-2017','',8,0,'Lê Đình Quát','','','','','','','ĐH Thông Tin','admin','2017-05-20 08:21:40',NULL,NULL),(157,'Đỗ Phú Nghiã','1995-01-21','62','Thạch Thang','12',3,'Cầu Đường','2013-2018','',8,0,'','Trần Thị Hường','','','','','','ĐH Bách Khoa ĐN','admin','2017-05-20 08:23:03',NULL,NULL),(158,'Hồ Anh Hưng ','1996-05-01','62','Thạch Thang','12',3,'Cầu lông','2014-2018','',8,0,'Hồ Anh Dũng','','','','','','','ĐH TDTT ĐN','admin','2017-05-20 08:24:27',NULL,NULL),(159,'Nguyễn Văn Quốc Tuấn','1998-01-12','62','Thạch Thang','12',4,'Công Nghệ Thông Tin','2016-2019','',8,0,'Nguyễn Văn Cường','','','','','','','CĐ Công Nghệ ĐN','admin','2017-05-20 08:26:56',NULL,NULL),(160,'Phạm Gia Huy ','1996-03-12','63','Thạch Thang','12',4,'Quản Trị Khách Sạn','2016-2019','',8,0,'Phạm Trọng Dũng','','','','','','','CĐ Nghề ĐN',NULL,NULL,'admin','2017-05-20 08:29:18'),(161,'Trương Minh Toàn','1994-07-25','65','Thạch Thang','12',3,'Du Lịch','2013-2017','',8,0,'Trương Văn Khôi','','','','','','','ĐH Duy Tân ĐN','admin','2017-05-20 08:30:35',NULL,NULL),(162,'Nguyễn Đức Chinh','1992-04-16','66','Thạch Thang','12',3,'Điện Lạnh','2012-2017','',8,0,'Nguyễn Đức Cam','','','','','','','ĐH Bách Khoa ĐN','admin','2017-05-20 08:32:04',NULL,NULL),(163,'Trần Nguyễn Anh Đức','1994-02-18','66','Thạch Thang','12',6,'','','',8,0,'Trần Quốc Dũng','','','','','','','Du học Đức','admin','2017-05-20 08:33:34',NULL,NULL),(164,'Ngô Minh Hoàng','1997-11-07','66','Thạch Thang','12',3,'Điện Tử Viễn Thông','2015-2019','',8,0,'Nguyễn Đông Phúc','','','','','','','ĐH Bách Khoa ĐN','admin','2017-05-20 08:39:22',NULL,NULL),(165,'Trần Nhật Minh','1993-01-17','67','Thạch Thang','12',3,'','','',8,0,'Trần Bá Nam','','','','','','','Du học Anh','admin','2017-05-20 08:40:41',NULL,NULL),(166,'Hoàng Lê Phương','1993-06-24','67','Thạch Thang','12',6,'','','',8,0,'Hoàng Phương Hoa','','','','','','','Du học Hàn Quốc','admin','2017-05-20 08:42:11',NULL,NULL),(167,'Nguyễn Hoàng Anh Tuấn','1994-10-02','67','Thạch Thang','12',3,'Du Lịch','2013-2017','',8,0,'','Võ Thị Thúy Nga','','','','','','ĐH Duy Tân ĐN','admin','2017-05-20 08:43:20',NULL,NULL),(168,'Nguyễn Hữu Lê Khoa','1995-06-15','67','Thạch Thang','12',3,'Đào tạo quốc tế','2013-2017','',8,0,'Nguyễn Hữu Giáp','','','','','','','ĐH Duy Tân ĐN','admin','2017-05-20 08:44:47',NULL,NULL),(169,'Trần Hoàng Nguyên','1995-02-26','67','Thạch Thang','12',3,'Du Lịch','2013-2017','',8,0,'','Trương Thị Hạnh','','','','','','ĐH Duy Tân ĐN','admin','2017-05-20 08:45:49',NULL,NULL),(170,'Lê Văn Hưng','1996-04-10','67','Thạch Thang','12',3,'Công Nghệ Thông Tin','2014-2018','',8,0,'Lê Văn Tuấn ','','','','','','','ĐH Duy Tân ĐN','admin','2017-05-20 08:47:12',NULL,NULL),(171,'Hoàng Ngọc Huy','1997-11-19','67','Thạch Thang','12',3,'Dược học','2015-2020','',8,0,'Hoàng Ngọc Qủa','','','','','','','ĐH Y Dược ĐN','admin','2017-05-20 08:48:41',NULL,NULL),(172,'Nguyễn Phước Vĩnh Lộc','1997-05-06','67','Thạch Thang','12',3,'Kiến trúc','2015-2020','',8,0,'','Võ Thị Hồng Trinh','','','','','','ĐH Kiến Trúc ĐN','admin','2017-05-20 08:50:54',NULL,NULL),(173,'Nguyễn Phước Vĩnh Tường','1997-05-06','67','Thạch Thang','12',3,'Quản Trị Kinh Doanh','2015-2019','',8,0,'Võ Thị Hồng Trinh','','','','','','','ĐH Duy Tân ĐN','admin','2017-05-20 08:54:53',NULL,NULL),(174,'Võ Ngọc Hiếu','1995-01-15','68','Thạch Thang','12',3,'Quản Trị Du Lịch','2013-2017','',8,0,'Võ Ngọc Dũng68','','','','','','','ĐH Huế','admin','2017-05-20 08:57:58',NULL,NULL),(175,'Nguyễn Anh Trí','1995-02-15','69','Thạch Thang','12',3,'Điện Tử VT','2013-2018','',8,0,'','Đặng Thị Mỹ Trang','','','','','','ĐH Bách Khoa ĐN','admin','2017-05-20 08:59:35',NULL,NULL),(176,'Lê Minh Quân','1997-01-23','69','Thạch Thang','12',3,'Kiến trúc','2016-2020','',8,0,'Lê Quang Thọ','','','','','','','ĐH Kiến Trúc ĐN','admin','2017-05-20 09:01:14',NULL,NULL),(177,'Tống Phước Duy','1997-07-26','69','Thạch Thang','12',3,'Du Lịch','2015-2018','',8,0,'Tống Phước Sơn','','','','','','','ĐH Duy Tân ĐN','admin','2017-05-20 09:02:42',NULL,NULL),(178,'Lê Viết Triều','1997-01-08','69','Thạch Thang','12',3,'Đào tạo quốc tế','2015-2019','',8,0,'Lê Viết Dũng','','','','','','','ĐH Duy Tân ĐN','admin','2017-05-20 09:03:47',NULL,NULL),(179,'Thái Minh Tuấn','1996-06-06','70','Thạch Thang','12',4,'Điện công nghiệp','2014-2017','',8,0,'Thái Minh Huy','','','','','','','CĐ Điện Lực Miền Trung','admin','2017-05-20 09:05:41',NULL,NULL),(180,'Nguyễn Văn Nhật Thành','1997-05-02','70','Thạch Thang','12',3,'Y đa khoa','2015-2021','',8,0,'Nguyễn Văn Khôi','','','','','','','ĐH Y Dược Huế','admin','2017-05-20 09:07:31',NULL,NULL),(181,'Nguyễn Đình Minh Phương','1995-01-13','71','Thạch Thang','12',3,'Du Lịch','2013-2017','',8,0,'Nguyễn Đình Nguyên','','','','','','','ĐH Duy Tân ĐN','admin','2017-05-20 09:09:08',NULL,NULL),(182,'Trương Diên Kiệt','1995-10-23','71','Thạch Thang','12',3,'Xây Dựng','2013-2017','',8,0,'Trương Huyền','','','','','','','ĐH Duy Tân ĐN','admin','2017-05-20 09:10:26',NULL,NULL),(183,'Trương Diên Bách','1997-02-16','71','Thạch Thang','12',3,'Tài chính công','2016-2020','',8,0,'Trương Huyền','','','','','','','ĐH Kinh Tế ĐN','admin','2017-05-20 09:11:57',NULL,NULL),(184,'Lê Triệu Vỹ','1998-09-07','71','Thạch Thang','12',5,'Mỹ Thuật','2016-2018','',8,0,'Lê Đằng Minh','','','','','','','TT Tin học Softech ĐN','admin','2017-05-20 09:14:23',NULL,NULL),(185,'Nguyễn Hữu Hoàng Phương ','1993-03-12','73','Thạch Thang','12',3,'Y đa khoa','2014-2020','',8,0,'Nguyễn Văn Bình','','','','','','','ĐH Võ Trường Toản','admin','2017-05-20 09:16:24',NULL,NULL),(186,'Hồ Đắc Trần Quân','1996-07-22','73','Thạch Thang','12',5,'Quản Trị Kinh Doanh','2015-2017','',8,0,'Hồ Đắc Dũng','','','','','','','CĐ Lạc Việt ĐN','admin','2017-05-20 09:18:07',NULL,NULL),(187,'Nguyễn Thanh Thiện','1996-10-23','73','Thạch Thang','12',3,'Kinh tế nông nghiệp[','2014-2018','',8,0,'Nguyễn Thanh Thế','','','','','','','ĐH Huế','admin','2017-05-20 09:19:33',NULL,NULL),(188,'Trương Công Hoàng','1996-07-05','74','Thạch Thang','12',6,'Tiếng Nhật','2016-2017','',8,0,'Trương Công Hùng','','','','','','','Trung tâm Nhật ngữ Sakura','admin','2017-05-20 09:21:29',NULL,NULL),(189,'Bùi Nguyên Kỳ','1996-12-10','74','Thạch Thang','12',3,'Bác sỹ đa khoa','2015-2021','',8,0,'Bùi Anh Tuấn','','','','','','','ĐH Duy Tân ĐN','admin','2017-05-20 09:23:14',NULL,NULL),(190,'Châu Nguyên Phúc','1993-04-03','75','Thạch Thang','12',6,'','','',8,0,'Châu Văn Sơn','','','','','','','Du học Mĩ','admin','2017-05-20 09:24:27',NULL,NULL),(191,'Trần Quang Minh','1997-03-15','76','Thạch Thang','12',4,'Dược học','2016-2018','',8,0,'Trần Thúy Hồng','','','','','','','CĐ Bách Khoa ĐN','admin','2017-05-20 09:26:19',NULL,NULL),(192,'Lể Nam Khánh','1997-04-30','76','Thạch Thang','12',3,'Kinh tế tài chính','2016-2021','',8,0,'','Nguyễn Thị Thu Thủy','','','','','','ĐH RMIT HCM','admin','2017-05-20 09:28:51',NULL,NULL),(193,'Lê Vĩnh Kha','1992-09-07','77','Thạch Thang','12',3,'Quản Trị Kinh Doanh','2013-2017','',8,0,'Lê Đình Kiệm','','','','','','','ĐH Ngân Hàng HCM','admin','2017-05-20 09:30:23',NULL,NULL),(194,'Lê Vĩnh Khôi','1996-10-03','77','Thạch Thang','12',3,'Đào tạo quốc tế','2014-2018','',8,0,'Lê Vĩnh Kiệm','','','','','','','ĐH Duy Tân ĐN','admin','2017-05-20 09:32:05',NULL,NULL),(195,'Nguyễn Tấn Sơn','1997-05-04','77','Thạch Thang','12',4,'Công Nghệ Thông Tin','2016-2019','',8,0,'Nguyễn Văn Sinh','','','','','','','CĐ Nguyễn Văn Trỗi ĐN','admin','2017-05-20 09:33:55',NULL,NULL),(196,'Trần Tấn Hưng','1994-01-06','78','Thạch Thang','12',3,'Cầu đường','2012-2017','',8,0,'Trần Tấn Hà','','','','','','','ĐH Kiến Trúc ĐN','admin','2017-05-20 09:36:26',NULL,NULL),(197,'Trần Văn Dũng','1995-10-04','78','Thạch Thang','12',3,'Y đa khoa','2013-2019','',8,0,'Trần Văn Viện','','','','','','','ĐH Y Dược Huế','admin','2017-05-20 09:39:24',NULL,NULL),(198,'Lê Phú Cường','1995-11-23','78','Thạch Thang','12',3,'Ngoại Thương','2013-2017','',8,0,'Lê Vô Tư','','','','','','','ĐH Kinh Tế ĐN','admin','2017-05-20 09:40:38',NULL,NULL),(199,'Huỳnh Bá Phúc','1996-06-14','78','Thạch Thang','12',3,'Kiến trúc','2014-2018','',8,0,'Huỳnh Bá Hưởng','','','','','','','ĐH Bách Khoa ĐN','admin','2017-05-20 09:42:06',NULL,NULL),(200,'Lê Ngọc Khôi','1996-11-11','78','Thạch Thang','12',3,'Công Nghệ Thông Tin','2014-2019','',8,0,'Lê Ngọc Sanh','','','','','','','ĐH Bách Khoa ĐN','admin','2017-05-20 09:43:41',NULL,NULL),(201,'Bảo Qúy Huy','1997-11-22','78','Thạch Thang','12',3,'Sư phạm tin học','2015-2019','',8,0,'Bảo Khánh','','','','','','','ĐH Sư Phạm ĐN','admin','2017-05-20 09:45:06',NULL,NULL),(202,'Huỳnh Nguyễn Nhật Tâm','1998-11-20','78','Thạch Thang','12',4,'Công Nghệ Thông Tin','2016-2019','',8,0,'Huỳnh Thái Sơn','','','','','','','CĐ Công Nghệ ĐN','admin','2017-05-20 09:46:52',NULL,NULL),(203,'Lê Đình Hiển','1996-05-28','79','Thạch Thang','12',3,'Tài chính công','2014-2018','',8,0,'Lê Đình Phúc','','','','','','','ĐH Kinh Tế ĐN','admin','2017-05-20 09:48:59',NULL,NULL),(204,'Phạm Tuân','1991-10-19','80','Thạch Thang','12',3,'Chính sách công','2016-2018','',8,0,'Phạm Văn Dũng','','','','','','','Học Viện khoa học XH','admin','2017-05-20 09:51:12',NULL,NULL),(205,'Trần Quốc Tấn','1993-04-22','81','Thạch Thang','12',3,'Kiến trúc','2013-2017','',8,0,'Trần Văn Thuấn','','','','','','','ĐH Kiến Trúc ĐN','admin','2017-05-20 09:52:39',NULL,NULL),(206,'Đặng Hữu Nhật Minh','1996-06-03','81','Thạch Thang','12',3,'Kỹ sư tiên tiến','2014-2019','',8,0,'Đặng Hữu Sơn','','','','','','','ĐH Bách Khoa ĐN','admin','2017-05-20 09:55:24',NULL,NULL),(207,'Lê Chí Hiếu','1995-01-21','83','Thạch Thang','12',3,'Kiến trúc','2013-2018','',8,0,'Lê Hùng','','','','','','','ĐH Kiến Trúc ĐN','admin','2017-05-20 09:58:02',NULL,NULL),(208,'Lê Hoàng Minh','1996-05-24','83','Thạch Thang','12',3,'Quản Trị Kinh Doanh','2013-2017','',8,0,'Lê Can','','','','','','','ĐH Kinh Tế ĐN','admin','2017-05-20 09:59:17',NULL,NULL),(209,'Phan Thanh Hiếu','1995-05-14','84','Thạch Thang','12',3,'Điện','2013-2018','',8,0,'Phan Văn Hùng','','','','','','','ĐH Bách Khoa ĐN','admin','2017-05-20 10:01:22',NULL,NULL),(210,'Dương Quốc Huy','1997-09-27','84','Thạch Thang','12',3,'Du Lịch','2015-2019','',8,0,'Dương Văn Minh','','','','','','','ĐH Duy Tân ĐN','admin','2017-05-20 10:02:56',NULL,NULL),(211,'Trần Đại Nhân','1997-12-05','84','Thạch Thang','12',3,'Y học cổ truyền','2016-2020','84',8,0,'Trần Đại Việt','','','','','','','ĐH Y Dược HCM','admin','2017-05-20 10:05:33',NULL,NULL),(212,'Võ Thiên Lang','1993-05-04','86','Thạch Thang','12',3,'Điện','2013-2018','',8,0,'Võ Văn Chinh','','','','','','','ĐH Bách Khoa ĐN','admin','2017-05-20 10:07:22',NULL,NULL),(213,'Võ Thiên Lộc','1994-07-19','86','Thạch Thang','12',3,'Điện Tử','2013-2018','',8,0,'Võ Văn Chinh','','','','','','','ĐH Bách Khoa ĐN','admin','2017-05-20 10:09:23',NULL,NULL),(214,'Trần Quốc Trung','1994-09-12','87','Thạch Thang','12',3,'CN nhiệt- điện lạnh','2012-2017','',8,0,'Trần Văn Toàn','','','','','','','ĐH Bách Khoa ĐN','admin','2017-05-20 10:11:02',NULL,NULL),(215,'Lê Cường','1995-06-25','87','Thạch Thang','12',4,'Xây Dựng','2014-2017','',8,0,'Lê Đình Hùng','','','','','','','CĐ Công Nghệ ĐN','admin','2017-05-20 10:12:30',NULL,NULL),(216,'Nguyễn Việt Hùng','1996-01-19','87','Thạch Thang','12',3,'Y đa khoa','2014-2020','',8,0,'Nguyễn Việt Hải','','','','','','','ĐH Võ Trường Toản','admin','2017-05-20 10:21:20',NULL,NULL),(217,'Nguyễn Khoa Việt','1998-03-07','87','Thạch Thang','12',3,'Quản Trị Thông Tin','2016-2020','',8,0,'Nguyễn Khoa Lào','','','','','','','ĐH Kinh Tế ĐN','admin','2017-05-20 10:22:39',NULL,NULL),(218,'Nguyễn Văn Hiệp','1998-09-14','87','Thạch Thang','12',4,'CN kĩ thuật nhiệt','2016-2018','',8,0,'Nguyễn Văn Hào','','','','','','','CĐ Công Nghệ ĐN','admin','2017-05-20 10:24:30',NULL,NULL),(219,'Võ Như Bảo','1993-02-22','88','Thạch Thang','12',6,'','','',8,0,'Võ Như Từ','','','','','','','Du học Mĩ','admin','2017-05-20 10:25:34',NULL,NULL),(220,'Lương Hữu Toàn','1995-09-07','88','Thạch Thang','12',3,'Vật lý học','2013-2017','',8,0,'Lương Hữu Dũng','','','','','','','ĐH Sư Phạm ĐN','admin','2017-05-20 10:26:51',NULL,NULL),(221,'Thái Quang Vũ','1996-11-12','88','Thạch Thang','12',3,'Du Lịch','2016-2020','',8,0,'','Trà Thị Lộc','','','','','','ĐH Duy Tân ĐN','admin','2017-05-20 10:28:23',NULL,NULL),(222,'Nguyễn Đăng Khoa','1995-02-15','89','Thạch Thang','12',2,'Tiến Anh','2013-2017','',8,0,'Nguyễn Văn Đức','','','','','','','ĐH Ngoại Ngữ ĐN','admin','2017-05-20 10:29:47',NULL,NULL),(223,'Trần Đình Thành','1992-03-16','50','Thạch Thang','12',2,'','','',14,1,'Trần Văn Điệp','','','','','Nghiện ma túy','','','admin','2017-05-20 10:32:17',NULL,NULL),(224,'Lê Hùng Tuấn','1992-02-11','79','Thạch Thang','12',2,'','','',14,2,'','Dương Thị Luông','','','','Sử dụng Ma túy','','','admin','2017-05-20 10:33:51',NULL,NULL),(225,'Nguyễn Hữu Hảo','1992-09-04','80','Thạch Thang','12',2,'','','',14,2,'Nguyễn Hữu Hải','','','','','Sử dụng Ma túy','','','admin','2017-05-20 10:35:13',NULL,NULL),(226,'Tạ Duy Khoa','1996-03-13','87','Thạch Thang','12',2,'','','',14,2,'Tạ Duy Hải','','','','','Sử dụng Ma túy','','','admin','2017-05-20 10:36:25',NULL,NULL),(227,'Huỳnh Ngọc Nguyên Đại','1995-01-18','91','Thạch Thang','12',2,'','','',14,2,'','Bùi Thị Kim Hương','','','','Sử dụng Ma túy','','','admin','2017-05-20 10:37:40',NULL,NULL),(228,'Nguyễn Quang','1993-04-12','27','Thạch Thang','7',2,'','','',15,0,'','Lê Thị Gái','','','','','','','admin','2017-05-20 10:39:52',NULL,NULL),(229,'Trần Đại Huy','1992-12-23','60','Thạch Thang','7',2,'','','',15,0,'','Lê Thị Ngọc Lan','','','','','','','admin','2017-05-20 10:40:59',NULL,NULL),(230,'Đinh Bảo Ngọc','1993-07-28','61','Thạch Thang','7',2,'','','',15,0,'Đinh Văn Quang','','','','','','','','admin','2017-05-20 10:41:48',NULL,NULL),(231,'Trần Đình Hòa','1995-02-03','79','Thạch Thang','7',2,'','','',15,0,'Trần Đức','','','','','','','','admin','2017-05-20 10:42:33',NULL,NULL),(232,'Trần Nhất Toàn','1994-06-08','86','Thạch Thang','7',2,'','','',15,0,'Trần Ngọc Nhất','','','','','','','','admin','2017-05-20 10:43:21',NULL,NULL),(233,'Đinh Bảo Chung','1996-07-02','61','Thạch Thang','7',2,'','','',15,0,'Đinh Văn Quang','','','','','','','','admin','2017-05-20 10:45:15',NULL,NULL),(234,'Nguyễn Thành Đạt','1997-03-14','7','Thạch Thang','12',2,'','','',16,0,'Nguyễn Đình Lăng','','','','Tham gia DQ năm 2016','','','','admin','2017-05-20 10:47:57',NULL,NULL),(235,'Nguyễn Thành Nhân','1995-04-13','8','Thạch Thang','11',2,'','','',16,0,'Nguyễn Bôn','','','','Tham gia DQ năm 2014','','','','admin','2017-05-20 10:49:11',NULL,NULL),(236,'Trần Trung Nhân','1993-09-14','11','Thạch Thang','12',2,'','','',16,0,'Trần Tấn Chiến','','','','Tham gia DQ năm 2015','','','','admin','2017-05-20 10:50:21',NULL,NULL),(237,'Nguyễn Phạm Anh Tuấn','1993-01-15','10','Thạch Thang','12',2,'','','',16,0,'Nguyễn Minh Ngọc','','','','Tham gia DQ năm 2012','','','','admin','2017-05-20 10:52:24',NULL,NULL),(238,'Nguyễn Lê Hưng','1992-09-29','12','Thạch Thang','12',2,'','','',16,0,'Nguyễn Tấn Khoa','','','','Tham gia DQ năm 2016','','','','admin','2017-05-20 10:53:40',NULL,NULL),(239,'Nguyễn Ngọc Bảo Anh','1993-08-16','12','Thạch Thang','12',2,'','','',16,0,'','Nguyễn Thị Thu','','','Tham gia DQ năm 2015','','','',NULL,NULL,'admin','2017-05-20 10:55:35'),(240,'Châu Hoàng Anh Đạt','1994-10-23','12','Thạch Thang','12',2,'','','',16,0,'','Châu Thị Linh','','','Tham gia DQ năm 2014','','','','admin','2017-05-20 10:57:07',NULL,NULL),(241,'Đỗ Trần Minh Chiêu','1995-11-12','13','Thạch Thang','12',2,'','','',16,0,'Đỗ Viết Cảnh','','','','Tham gia DQ năm 2016','','','','admin','2017-05-20 10:58:11',NULL,NULL),(242,'Đinh Quốc Sinh','1997-11-23','','Thạch Thang','12',2,'','','',16,0,'','Nguyễn Thị Ba','','','Tham gia DQ năm 2016','','','','admin','2017-05-20 10:59:15',NULL,NULL),(243,'Hồ Hà Hải Nam','1998-07-31','28','Thạch Thang','8',2,'','','',16,0,'Hồ Văn Khánh','','','','Tham gia DQ năm 2015','','','','admin','2017-05-20 11:15:16',NULL,NULL),(244,'Nguyễn Tấn Minh Nhật','1993-01-23','30','Thạch Thang','12',2,'','','',16,0,'Nguyễn Tấn Tiếu','','','','Tham gia DQ năm 2016','','','','admin','2017-05-20 11:17:25',NULL,NULL),(245,'Nguyễn Viết Sang','1993-04-14','38','Thạch Thang','12',2,'','','',16,0,'','Phạm Thị Bình','','','Tham gia DQ năm 2016','','','','admin','2017-05-20 11:18:32',NULL,NULL),(246,'Trần Nguyễn Bá Phước','1996-02-11','41','Thạch Thang','12',2,'','','',16,0,'Trần Bá Thông','','','','Tham gia DQ năm 2016','','','','admin','2017-05-20 11:19:38',NULL,NULL),(247,'Dương Đức Trí','1996-05-20','41','Thạch Thang','12',2,'','','',16,0,'Dương Đức Độ','','','','Tham gia DQ năm 2016','','','','admin','2017-05-20 11:21:17',NULL,NULL),(248,'Trương Ngọc Hiển','1992-04-10','45','Thạch Thang','12',2,'','','',16,0,'','Lê Thị Du','','','Tham gia DQ năm 2014','','','','admin','2017-05-20 11:22:23',NULL,NULL),(249,'Nguyễn Công Huân','1992-10-18','47','Thạch Thang','12',2,'','','',16,0,'Nguyễn Văn Vũ','','','','Tham gia DQ năm 2014','','','','admin','2017-05-20 11:23:52',NULL,NULL),(250,'Nguyễn Công Thắng','1993-03-02','47','Thạch Thang','12',2,'','','',16,0,'','Bùi Thị Hoa','','','Tham gia DQ năm 2014','','','','admin','2017-05-20 11:26:48',NULL,NULL),(251,'Trần Văn Triệu','1992-10-01','48','Thạch Thang','12',2,'','','',16,0,'Trần Liêu','','','','Tham gia DQ năm 2016','','','','admin','2017-05-20 11:28:41',NULL,NULL),(252,'Phan Thanh An','1992-10-02','56','Thạch Thang','12',2,'','','',16,0,'Phan Văn Bình','','','','Tham gia DQ năm 2016','','','','admin','2017-05-20 11:29:47',NULL,NULL),(253,'Trần Lâm','1993-06-12','60','Thạch Thang','12',2,'','','',16,0,'','Mạc Tuy Nga','','','Tham gia DQ năm 2016','','','','admin','2017-05-20 11:30:44',NULL,NULL),(254,'Phạm Trần Chỉnh','1993-08-15','60','Thạch Thang','12',2,'','','',16,0,'Phạm Văn Thuận','','','','Tham gia DQ năm 2016','','','','admin','2017-05-20 11:31:50',NULL,NULL),(255,'Trương Văn Tín Lợi','1992-10-27','63','Thạch Thang','12',2,'','','',16,0,'Trương Văn Trọng','','','','Tham gia DQ năm 2016','','','','admin','2017-05-20 11:33:30',NULL,NULL),(256,'Huỳnh Kim Việt Ánh','1992-11-14','65','Thạch Thang','12',2,'','','',16,0,'Huỳnh Kim Như','','','','Tham gia DQ năm 2016','','','','admin','2017-05-20 11:35:02',NULL,NULL),(257,'Trần Văn Thông','1994-11-05','75','Thạch Thang','10',2,'','','',16,0,'','Bùi Thị Quảng','','','Tham gia DQ năm 2014','','','','admin','2017-05-20 11:36:52',NULL,NULL),(258,'Trần Văn Tiến','1995-10-05','75','Thạch Thang','12',2,'','','',16,0,'Trần Danh','','','','Tham gia DQ năm 2016','','','','admin','2017-05-20 11:37:51',NULL,NULL),(259,'Phan Thiên Ân','1992-03-12','87','Thạch Thang','12',2,'','','',16,0,'','Trần Thị Diễm Lan','','','Tham gia DQ năm 2016','','','','admin','2017-05-20 11:38:58',NULL,NULL),(260,'Phan Đình Quang','1993-11-27','90','Thạch Thang','12',2,'','','',16,0,'','Lê Thị Liên','','','Tham gia DQ năm 2014','','','','admin','2017-05-20 11:39:48',NULL,NULL),(261,'Trần Công Gia Bảo','1998-11-11','1','Thạch Thang','11',2,'','','',17,3,'Trần Công Lợi','','','','Có mặt tại địa phương','','','','admin','2017-05-20 12:53:52',NULL,NULL),(262,'Trần Đình Nguyên','1993-08-12','2','Thạch Thang','12',2,'','','',17,3,'Trần Đình Dũng','','','','Làm việc Cty CP ĐT&PT DVDL Duyên Hải ĐN','','','','admin','2017-05-20 12:55:49',NULL,NULL),(263,'Nguyễn Đăng Thao','1994-08-26','2','Thạch Thang','12',2,'','','',17,3,'Nguyễn Văn Long','','','','Làm việc tại Cty TNHH Sao Việt Non Nước ĐN','','','','admin','2017-05-20 12:57:50',NULL,NULL),(264,'Nguyễn Phước Bảo Danh','1992-01-02','6','Thạch Thang','12',2,'','','',17,3,'','Trần Thị Kim Chi','','','Có mặt tại địa phương','','','','admin','2017-05-20 12:59:15',NULL,NULL),(265,'Lê Viết Tuấn','1994-07-01','6','Thạch Thang','12',2,'','','',17,3,'Lê Tri Thức','','','','Có mặt tại địa phương','','','','admin','2017-05-20 13:00:54',NULL,NULL),(266,'Trần Ngô Khiêm','1998-04-17','6','Thạch Thang','12',2,'','','',17,3,'Trần Văn Hải','','','','Có mặt tại địa phương','','','','admin','2017-05-20 13:02:21',NULL,NULL),(267,'Nguyễn Quốc Thái','1994-08-05','9','Thạch Thang','12',2,'','','',17,3,'','Trần Thị Thanh Hóa','','','Có mặt tại địa phương','','','','admin','2017-05-20 13:03:34',NULL,NULL),(268,'Đồng Lê Ngọc Minh','1995-03-17','9','Thạch Thang','12',2,'','','',17,3,'','Lê Thị Xuân Mai','','','Làm việc tại Cty TNHH XD Hoàng Sơn ĐN','','','','admin','2017-05-20 13:05:32',NULL,NULL),(269,'Nguyễn Cao Thanh','1998-12-27','9','Thạch Thang','12',2,'','','',17,3,'Nguyễn Văn Thành','','','','Có mặt tại địa phương','','','','admin','2017-05-20 13:06:43',NULL,NULL),(270,'Tôn Thất Minh Kha','1993-02-27','10','Thạch Thang','12',2,'','','',17,3,'Tôn Thất Huynh','','','','Làm việc tại Cty CP-DV Bưu chính viễn thông ĐN','','','','admin','2017-05-20 13:09:52',NULL,NULL),(271,'Tôn Thất Minh Nhân','1994-06-22','10','Thạch Thang','12',2,'','','',17,3,'Tôn Thất Huynh','','','','Làm việc tại Cty TNHH Sơn Petrolimex ĐN','','','','admin','2017-05-20 13:11:42',NULL,NULL),(272,'Trương Mạnh Hùng','1998-05-05','12','Thạch Thang','12',2,'','','',17,3,'Trương Như Thường','','','','Có mặt tại địa phương','','','','admin','2017-05-20 13:13:05',NULL,NULL),(273,'Phạm Văn Đăng Hòa','1992-07-07','19','Thạch Thang','9',2,'','','',17,3,'Phạm Văn Bưởi','','','','Làm việc tại Cty CP-DV Bảo vệ Kỹ An ĐN','','','','admin','2017-05-20 13:15:16',NULL,NULL),(274,'Nguyễn Văn Thọ','1997-05-19','19','Thạch Thang','12',2,'','','',17,3,'','Trần Thị Hải','','','Có mặt tại địa phương','','','','admin','2017-05-20 13:16:40',NULL,NULL),(275,'Trần Công Hoàng','1993-10-02','21','Thạch Thang','12',2,'','','',17,3,'Trần Công Sang','','','','Làm việc tại Cty TNHH MTV TM FPT Miền Trung','','','','admin','2017-05-20 13:18:13',NULL,NULL),(276,'Nguyễn Huy Hoàng','1994-02-22','22','Thạch Thang','12',2,'','','',17,3,'','Võ Thị Thu Trang','','','Làm việc tại công ty Đông Dương ĐN','','','','admin','2017-05-20 13:19:22',NULL,NULL),(277,'Lê Duy Bảo','1992-06-08','23','Thạch Thang','12',2,'','','',17,3,'','Võ Thị Thu Hà','','','Làm việc tại Công ty giao nhận hàng hóa Jupiter Pacific ĐN','','','','admin','2017-05-20 13:22:03',NULL,NULL),(278,'Nguyễn Thành Vinh','1998-07-18','23','Thạch Thang','12',2,'','','',17,3,'','Nguyễn Thị Thanh Hải','','','Có mặt tại địa phương','','','','admin','2017-05-20 13:23:30',NULL,NULL),(279,'Lê Nhân Khan','1996-10-05','24','Thạch Thang','12',2,'','','',17,3,'Lê Hưng','','','','Có mặt tại địa phương','','','','admin','2017-05-20 13:24:24',NULL,NULL),(280,'Lương Duy Bảo','1993-03-28','25','Thạch Thang','12',2,'','','',17,3,'Lương Duy Ninh','','','','Có mặt tại địa phương','','','','admin','2017-05-20 13:25:42',NULL,NULL),(281,'Đặng Quang Hoàng','1993-05-15','26','Thạch Thang','12',2,'','','',17,3,'Đặng Hải','','','','Có mặt tại địa phương','','','','admin','2017-05-20 13:26:40',NULL,NULL),(282,'Tôn Hưng Dương','1997-06-20','26','Thạch Thang','11',2,'','','',17,3,'','Hồ HoàngThị Mỹ Duyên','','','Làm nghề cắt tóc tại ĐN','','','','admin','2017-05-20 13:28:27',NULL,NULL),(283,'Trần Hoàng Đại','1996-03-20','26','Thạch Thang','12',2,'','','',17,3,'','Nguyễn Thị Vân An','','','Có mặt tại địa phương','','','','admin','2017-05-20 13:29:43',NULL,NULL),(284,'Lê Ngô Nguyên Đức','1996-06-10','26','Thạch Thang','12',2,'','','',17,3,'Lê Thanh Dũng','','','','Có mặt tại địa phương','','','','admin','2017-05-20 13:30:46',NULL,NULL),(285,'Trần Hoàng Qúy','1997-06-15','26','Thạch Thang','12',2,'','','',17,3,'','Nguyễn Thị Vân An','','','Có mặt tại địa phương','','','','admin','2017-05-20 13:31:50',NULL,NULL),(286,'Phạm Thanh Sơn ','1998-07-07','23','Thạch Thang','12',2,'','','',17,3,'Phạm Thanh Trường','','','','Có mặt tại địa phương','','','','admin','2017-05-20 13:32:48',NULL,NULL),(287,'Ngô Hoàng Hùng','1993-01-01','31','Thạch Thang','ĐH',2,'','','',17,3,'Ngô Văn Kéc','','','','Làm việc tại bệnh viện ĐN','','','','admin','2017-05-20 13:34:35',NULL,NULL),(288,'Trần Minh Tiến','1998-06-25','33','Thạch Thang','12',2,'','','',17,3,'Trần Văn Nhân','','','','Có mặt tại địa phương','','','','admin','2017-05-20 13:35:37',NULL,NULL),(289,'Nguyễn Đăng Thắng','1993-10-03','35','Thạch Thang','12',2,'','','',17,3,'Nguyễn Đăng Tiệp','','','','Có mặt tại địa phương','','','','admin','2017-05-20 13:36:38',NULL,NULL),(290,'Hồ Hải Sơn','1992-10-03','37','Thạch Thang','ĐH',2,'','','',17,3,'','Nguyễn Thị Trang','','','Làm việc tại Trường THCS Tây Sơn','','','','admin','2017-05-20 13:38:00',NULL,NULL),(291,'Phạm Sơn Ngọc','1995-02-17','38','Thạch Thang','12',2,'','','',17,3,'','Nguyễn Thị Châu','','','Có mặt tại địa phương','','','','admin','2017-05-20 13:55:06',NULL,NULL),(292,'Lưu Sơn Đạt','1994-11-02','40','Thạch Thang','12',2,'','','',17,3,'Lưu Sơn Thủy','','','','Có mặt tại địa phương','','','','admin','2017-05-20 13:56:36',NULL,NULL),(293,'Chung Phan Gia Huy','1998-03-07','40','Thạch Thang','12',2,'','','',17,3,'Chung Lợi Thắng','','','','Có mặt tại địa phương','','','','admin','2017-05-20 13:57:38',NULL,NULL),(294,'Phan Minh Tuấn','1996-08-26','41','Thạch Thang','12',2,'','','',17,3,'','Nguyễn Thị Thu','','','Có mặt tại địa phương','','','','admin','2017-05-20 13:58:38',NULL,NULL),(295,'Phạm Xuân Nguyên','1995-08-22','42','Thạch Thang','CĐ',2,'','','',17,3,'Phạm Xuân Đức','','','','Làm việc tại công ty TNHH Minh Phúc ĐN( Cận 3.75 độ)','','','','admin','2017-05-20 14:01:09',NULL,NULL),(296,'Hoàng Nhân Quý','1995-01-14','42','Thạch Thang','12',2,'','','',17,3,'','Trần Thị Quyên','','','Có mặt tại địa phương','','','','admin','2017-05-20 14:02:22',NULL,NULL),(297,'Hoàng Trọng Hà Quang','1998-07-15','42','Thạch Thang','11',2,'','','',17,3,'Hoàng Trọng Khôi','','','','Có mặt tại địa phương','','','','admin','2017-05-20 14:03:41',NULL,NULL),(298,'Nguyễn Thành Duy','1994-08-17','43','Thạch Thang','12',2,'','','',17,3,'Nguyễn Thành Sinh','','','','Có mặt tại địa phương','','','','admin','2017-05-20 14:05:08',NULL,NULL),(299,'Nguyễn Hoàng Anh Dũng','1993-06-30','','Thạch Thang','12',2,'','','',17,3,'Nguyễn Phú','','','','Làm việc tại Cty TNHH FRAMGIA ĐN','','','','admin','2017-05-20 14:06:57',NULL,NULL),(300,'Tôn Thất Thanh Tuấn','1997-05-07','44','Thạch Thang','12',2,'','','',17,3,'Tôn Thất Dũng','','','','Có mặt tại địa phương','','','','admin','2017-05-20 14:08:17',NULL,NULL),(301,'Hoàng Công Thiện Nhân','1994-11-03','45','Thạch Thang','10',2,'','','',17,3,'Hoàng Công Hóa','','','','Làm việc tại nhà hàng Phì Lũ ĐN','','','','admin','2017-05-20 14:10:06',NULL,NULL),(302,'Lê Quang Vinh','1994-08-07','46','Thạch Thang','12',2,'','','',17,3,'Lê Minh','','','','Làm Việc Tại Cty CP TM-DV khanh Nguyễn ĐN','','','','admin','2017-05-20 14:14:16',NULL,NULL),(303,'Lê Thanh Toàn','1994-10-02','47','Thạch Thang','ĐH',2,'','','',17,3,'Lê Thanh Tùng','','','','Làm việc tại ngân hàng HĐBANK ĐN','','','','admin','2017-05-20 14:16:30',NULL,NULL),(304,'Ngô Văn Thanh Phương','1998-08-25','48','Thạch Thang','9',2,'','','',17,3,'Ngô Chiến','','','','Có mặt tại địa phương','','','','admin','2017-05-20 14:17:47',NULL,NULL),(305,'Hồ Huy Hoàng','1994-10-12','52','Thạch Thang','12',2,'','','',17,3,'Hồ Văn Xuân','','','','Có mặt tại địa phương','','','','admin','2017-05-20 14:19:02',NULL,NULL),(306,'Lê Quang Công','1995-05-14','54','Thạch Thang','12',2,'','','',17,3,'Lê Công Tiến','','','','Có mặt tại địa phương','','','','admin','2017-05-20 14:19:57',NULL,NULL),(307,'Lương Quốc Nhân','1996-12-08','54','Thạch Thang','12',2,'','','',17,3,'','Lê Thị Thanh Liên','','','Làm việc tại Cty TNHH  MTV Lê Quyên ĐN','','','','admin','2017-05-20 14:21:28',NULL,NULL),(308,'Phan Bảo Duy','1992-09-11','55','Thạch Thang','12',2,'','','',17,3,'Phan Tiến Dũng','','','','Làm việc tại Cty  ĐT&PT DVDL Duyên Hải ĐN','','','','admin','2017-05-20 14:23:18',NULL,NULL),(309,'Đoàn Đức Trọng','1993-10-17','56','Thạch Thang','12',2,'','','',17,3,'Đoàn Đức Mỹ','','','','Làm việc tại Khách sạn BRILIAN ĐN','','','','admin','2017-05-20 14:25:04',NULL,NULL),(310,'Đoàn Đức Nghĩa','1994-02-17','56','Thạch Thang','12',2,'','','',17,3,'Đoàn Nhơn','','','','Làm VIỆC TẠI Cty  CP DV Cáp treo Bà Nà ĐN','','','','admin','2017-05-20 14:27:29',NULL,NULL),(311,'Huỳnh Trọng Nghĩa','1997-06-17','56','Thạch Thang','9',2,'','','',17,3,'Huỳnh Ngọc Trọng','','','','Có mặt tại địa phương','','','','admin','2017-05-20 14:29:57',NULL,NULL),(312,'Lưu Công Thành','1992-02-26','57','Thạch Thang','12',2,'','','',17,3,'Lưu Lăng','','','','Có mặt tại địa phương','','','','admin','2017-05-20 14:31:56',NULL,NULL),(313,'Nguyễn Quang Nhật','1994-05-07','59','Thạch Thang','12',2,'','','',17,3,'Nguyễn Văn Thính','','','','Có mặt tại địa phương','','','','admin','2017-05-20 14:33:01',NULL,NULL),(314,'Lê Hồng Vĩnh Phúc','1993-08-17','60','Thạch Thang','9',2,'','','',17,3,'Lê Ngọc Châu','','','','Có mặt tại địa phương, chưa xóa án treo.','','','','admin','2017-05-20 14:34:48',NULL,NULL),(315,'Phạm Đình Hoàng Vũ','1993-06-13','61','Thạch Thang','12',2,'','','',17,3,'Phạm Đình Hải','','','','Làm việc tại Cty TNHH XD Tâm Phúc Việt ĐN','','','','admin','2017-05-20 22:27:08',NULL,NULL),(316,'Nguyễn Quốc Cường Song Sy','1997-03-03','62','Thạch Thang','12',2,'','','',17,3,'Nguyễn Phương Hồng Hảo','','','','Học lái xe tại trung tâm STC Núi Thành','','','','admin','2017-05-20 22:33:10',NULL,NULL),(317,'Trần Công Minh','1993-03-26','64','Thạch Thang','12',2,'','','',17,3,'Trần Công Khánh','','','','Có Mặt Tại Địa Phương','','','','admin','2017-05-20 22:35:06',NULL,NULL),(318,'Vũ Mạnh Cường','1994-03-02','66','Thạch Thang','ĐH',2,'','','',17,3,'Vũ Đức Chung','','','','Làm việc tại trường Mầm non tư thục Thiên Lý ĐN','','','','admin','2017-05-20 22:37:06',NULL,NULL),(319,'Trần Hữu Tú','1996-09-30','69','Thạch Thang','12',2,'','','',17,3,'Trần Hữu Tiến','','','','Có mặt tại địa phương','','','','admin','2017-05-20 22:38:50',NULL,NULL),(320,'Trần Nguyên Bảo','1992-12-05','72','Thạch Thang','ĐH',2,'','','',17,3,'Trần Nguyên Ngọc','','','','Làm tại bệnh viện ĐKĐN','','','','admin','2017-05-20 22:41:10',NULL,NULL),(321,'Nguyễn Minh Nghĩa','1992-02-25','76','Thạch Thang','12',2,'','','',17,3,'Nguyễn Minh Sơn','N','','','Có mặt tại địa phương','','','','admin','2017-05-20 22:43:18',NULL,NULL),(322,'Nguyễn Minh Đức','1993-09-25','76','Thạch Thang','12',2,'','','',17,3,'','Lê Thị Thanh Hải','','','Làm việc tại Cty CP KHCN An Sinh-Mecta ĐN','','','','admin','2017-05-21 10:08:50',NULL,NULL),(323,'Nguyễn Anh Tài','1997-11-19','77','Thạch Thang','12',2,'','','',17,3,'','Nguyễn Thị Thúy Vân','','','Có mặt tại địa phương','','','','admin','2017-05-21 10:10:18',NULL,NULL),(324,'Thân Trọng Duy Phúc','1994-08-01','81','Thạch Thang','12',2,'','','',17,3,'Thân Trọng Duy Thạc','','','','Có mặt tại địa phương','','','','admin','2017-05-21 10:11:48',NULL,NULL),(325,'Phạm Đức Đạt','1994-12-26','82','Thạch Thang','12',2,'','','',17,3,'Phạm Đức Văn','','','','Có mặt tại địa phương','','','','admin','2017-05-21 10:12:53',NULL,NULL),(326,'Phan Đức Anh','1995-02-19','82','Thạch Thang','12',2,'','','',17,3,'Phan Đức Đàng','','','','Có mặt tại địa phương','','','','admin','2017-05-21 10:14:02',NULL,NULL),(327,'Trần Đình Thuận','1992-03-17','82','Thạch Thang','12',2,'','','',17,3,'Trần Hiệu','','','','Có mặt tại địa phương','','','','admin','2017-05-21 10:20:54',NULL,NULL),(328,'Bảo Huy','1995-06-28','82','Thạch Thang','12',2,'','','',17,3,'Phạm Thị Xuân','','','','Có mặt tại địa phương','','','','admin','2017-05-21 10:21:57',NULL,NULL),(329,'Nguyễn Đỗ Hồng Tiến','1996-04-09','83','Thạch Thang','12',2,'','','',17,3,'Nguyễn Ngọc Lâm','','','','Có mặt tại địa phương','','','','admin','2017-05-21 10:23:08',NULL,NULL),(330,'Nguyễn Hồng Thịnh','1994-06-18','86','Thạch Thang','9',2,'','','',17,3,'Nguyễn Hồng An','','','','Có mặt tại địa phương','','','','admin','2017-05-21 10:23:58',NULL,NULL),(331,'Ngô Phạm Anh Huy','1992-12-18','88','Thạch Thang','12',2,'','','',17,3,'','Phạm Thị Anh Thư','','','Làm việc tại Cty TNHH  Phần Mềm FPT ĐN','','','','admin','2017-05-21 10:25:35',NULL,NULL),(332,'Trần Đình Anh Tuấn','1993-08-11','88','Thạch Thang','12',2,'','','',17,3,'Trần Đình ÁI','','','','Có mặt tại địa phương','','','','admin','2017-05-21 10:28:24',NULL,NULL),(333,'Huỳnh Anh Tuấn','1998-06-02','89','Thạch Thang','12',2,'','','',17,3,'Huỳnh Văn Hậu','','','','Có mặt tại địa phương','','','','admin','2017-05-21 10:29:23',NULL,NULL),(334,'Nguyễn Tiến Quân','1994-08-16','90','Thạch Thang','12',2,'','','',17,3,'Nguyễn Tiến Bình','','','','Làm việc tại Cty Dược phẩm Hưng Hoàng Phúc ĐN','','','','admin','2017-05-21 10:31:01',NULL,NULL),(335,'Nguyễn Đức Thương','1991-01-09','8','Thạch Thang','ĐH',3,'','','',17,4,'','Nguyễn Thị Cẩm Thạch','','','Kĩ Thuật Điện Tại ĐN','','','','admin','2017-05-21 10:41:00',NULL,NULL),(336,'Ngô Minh Đức','1991-06-14','30','Thạch Thang','ĐH',2,'','','',17,4,'Ngô Quang Nghĩa','','','','Làm việc tại Bệnh viện C ĐN','','','','admin','2017-05-21 10:42:35',NULL,NULL),(337,'Phan Hoàng','1991-08-18','30','Thạch Thang','ĐH',2,'','','',17,4,'Phan Đức Vinh','','','','Làm việc tại Bệnh viện C ĐN','','','','admin','2017-05-21 10:44:08',NULL,NULL),(338,'Đỗ Vũ Nguyên','1991-03-01','33','Thạch Thang','ĐH',2,'','','',17,4,'Đỗ Tiến Dũng','','','','Bệnh viện Phạm Ngọc Thạch Quảng Nam','','','','admin','2017-05-21 10:45:26',NULL,NULL),(339,'Trần Quang Vinh','1990-06-19','41','Thạch Thang','ĐH',3,'','','',17,4,'Trần Quang Dũng','','','','Làm việc tại Cty CP TM VisNam ĐN','','','',NULL,NULL,'admin','2017-05-21 10:52:16'),(340,'Trần Đình Quân','1991-07-03','50','Thạch Thang','ĐH',3,'','','',17,4,'Trần Đình Liễn','','','','Làm Việc Tại Sở Nội Vụ ĐN','','','','admin','2017-05-21 10:48:45',NULL,NULL),(341,'Mai Ngọc Cường','1991-11-07','55','Thạch Thang','ĐH',3,'','','',17,4,'Phan Thanh Hà','','','','Làm việc tại Cty  thiết bị lạnh và cách nhiệt TST ĐN','','','','admin','2017-05-21 10:50:51',NULL,NULL),(342,'Ngô Minh Hùng','1990-09-20','59','Thạch Thang','ĐH',3,'','','',17,4,'Ngô Văn Phúc','','','','Làm việc tại Ngân hàng TMCP Công Thương ĐN','','','','admin','2017-05-21 10:54:24',NULL,NULL),(343,'Bùi Đình Đình','1992-02-25','63','Thạch Thang','ĐH',3,'','','',17,4,'Bùi Đình Bằng','','','','Làm việc tại Cty CPXD Thuận Phước 7 ĐN','','','','admin','2017-05-21 10:56:17',NULL,NULL),(344,'Nguyễn Đông Triều','1990-04-12','64','Thạch Thang','ĐH',3,'','','',17,4,'Nguyễn Đông Phương','','','','Làm việc tại điện lực Cẩm Lệ','','','','admin','2017-05-21 10:57:37',NULL,NULL),(345,'Nguyễn Ngọc Bách','1991-12-29','70','Thạch Thang','ĐH',2,'','','',17,4,'Nguyễn Ngọc Bá','','','','Làm việc tại Bệnh viện ĐN','','','','admin','2017-05-21 10:59:01',NULL,NULL),(346,'Lê Phước Huy','1995-06-15','59','Thạch Thang','12',2,'','','',18,5,'Lê Phước Tâm','','','','VĐV bóng bàn Tp quản lý,đề nghị Hội đồng xem xét.','','','','admin','2017-05-21 11:02:23',NULL,NULL),(347,'Nguyễn Mai Nhật Huy','1996-07-27','89','Thạch Thang','12',2,'','','',18,5,'Nguyễn Văn Tâm','','','','VĐV đá cầu Tp quản lý,đề nghị Hội đồng xem xét.','','','','admin','2017-05-21 11:04:02',NULL,NULL),(348,'Huỳnh Sơn Thọ','1995-03-16','8','Thạch Thang','12',2,'','','',18,5,'','Trần Thúy Phượng','','','Làm ăn ở Tp HCM,đề nghị Hội Đồng xem xét','','','','admin','2017-05-21 11:05:46',NULL,NULL),(349,'Nguyễn Dương Quốc Nguyên','1993-04-26','44','Thạch Thang','12',2,'','','',18,5,'Nguyễn Quốc Bảo','','','','Làm ăn ở Tp HCM, đề nghị Hội đồng xem xét','','','','admin','2017-05-21 11:07:31',NULL,NULL),(350,'Lê Thanh An','1991-01-29','12','Thạch Thang','ĐH',3,'','','',18,6,'Lê Đình Hạnh','','','','Làm ăn ở Tp HCM,đề nghị Hội Đồng xem xét','','','',NULL,NULL,'admin','2017-05-21 11:12:10'),(351,'Nguyễn Hoàng Hưng','1991-11-04','20','Thạch Thang','ĐH',3,'','','',18,6,'Nguyễn Đình Thậm','','','','Làm ăn ở Tp HCM,đề nghị Hội đồng xem xét','','','','admin','2017-05-21 11:11:17',NULL,NULL),(352,'Lê Quốc Hưng','1990-10-16','23','Thạch Thang','ĐH',3,'','','',18,6,'Lê Quốc Hải','','','','Đã có vợ và 1 con, đề nghị Hội đồng xem xét','','','','admin','2017-05-21 11:13:46',NULL,NULL),(353,'Ngô Vĩnh Tiến','1991-12-12','42','Thạch Thang','ĐH',3,'','','',18,6,'Ngô vĩnh Hưng','','','','Làm ăn ở Tp HCM,đề nghị Hội Đồng xem xét','','','','admin','2017-05-21 11:14:46',NULL,NULL);
/*!40000 ALTER TABLE `congdan` ENABLE KEYS */;
UNLOCK TABLES;

--
-- Table structure for table `loainghiavu`
--

DROP TABLE IF EXISTS `loainghiavu`;
/*!40101 SET @saved_cs_client     = @@character_set_client */;
/*!40101 SET character_set_client = utf8 */;
CREATE TABLE `loainghiavu` (
  `idloainghiavu` int(11) NOT NULL AUTO_INCREMENT,
  `mota` varchar(100) COLLATE utf8_unicode_ci NOT NULL,
  PRIMARY KEY (`idloainghiavu`)
) ENGINE=InnoDB AUTO_INCREMENT=7 DEFAULT CHARSET=utf8 COLLATE=utf8_unicode_ci;
/*!40101 SET character_set_client = @saved_cs_client */;

--
-- Dumping data for table `loainghiavu`
--

LOCK TABLES `loainghiavu` WRITE;
/*!40000 ALTER TABLE `loainghiavu` DISABLE KEYS */;
INSERT INTO `loainghiavu` VALUES (1,'Khác'),(2,'Đề nghị tạm hoãn gọi nhập ngũ'),(3,'Đề nghị miễn gọi nhập ngũ'),(4,'Đề nghị không gọi nhập ngũ, chưa gọi nhập ngũ'),(5,'Đề nghị chưa gọi nhập ngũ'),(6,'Đủ điều kiện gọi khám sức khỏe');
/*!40000 ALTER TABLE `loainghiavu` ENABLE KEYS */;
UNLOCK TABLES;

--
-- Table structure for table `lydo`
--

DROP TABLE IF EXISTS `lydo`;
/*!40101 SET @saved_cs_client     = @@character_set_client */;
/*!40101 SET character_set_client = utf8 */;
CREATE TABLE `lydo` (
  `idlydo` int(11) NOT NULL AUTO_INCREMENT,
  `idloainghiavu` int(11) NOT NULL,
  `mota` varchar(500) COLLATE utf8_unicode_ci NOT NULL,
  `danhsach` varchar(45) COLLATE utf8_unicode_ci NOT NULL,
  PRIMARY KEY (`idlydo`),
  KEY `fk_lydo_loainghiavu` (`idloainghiavu`),
  CONSTRAINT `fk_lydo_loainghiavu` FOREIGN KEY (`idloainghiavu`) REFERENCES `loainghiavu` (`idloainghiavu`)
) ENGINE=InnoDB AUTO_INCREMENT=20 DEFAULT CHARSET=utf8 COLLATE=utf8_unicode_ci;
/*!40101 SET character_set_client = @saved_cs_client */;

--
-- Dumping data for table `lydo`
--

LOCK TABLES `lydo` WRITE;
/*!40000 ALTER TABLE `lydo` DISABLE KEYS */;
INSERT INTO `lydo` VALUES (1,1,'Khác',''),(2,2,'Chưa đủ sức khỏe phục vụ tại ngũ theo kết luận của Hội đồng khám sức khỏe','1'),(3,2,'Là lao động duy nhất phải trực tiếp nuôi người khác trong gia đình không còn sức lao động hoặc chưa đến tuổi lao động','2'),(4,2,'Một con của bệnh binh, người nhiễm chất độc da cam suy giảm khả năng lao động từ 61 - 80%','3'),(5,2,'Có anh, chị hoặc em ruột là HSQ-BS đang phục vụ tại ngũ; HSQ chiến sĩ thực hiện nghĩa vụ tham gia Công an nhân dân','4'),(6,2,'Người thuộc diện di dân, giãn dân trong 3 năm đầu đến các xã đặc biệt khó khắn theo dự án phát triển kinh té - xã hôi','5'),(7,2,'Cán bộ, công chức, viên chức, TNXP được điều động đến công tác, làm việc ở vùng có điều kiện kinh tế - xã hội đặc biệt khó khăn theo quy định của pháp luật','6'),(8,2,'Đang học tại cơ sở giáo dục phổ thông, đang được đào tạo trình độ đại học chính quy, cao đẳng chính quy','7'),(9,3,'Con liệt sĩ, con Thương binh hạng 1','8'),(10,3,'Một anh hoặc một em trai của liệt sĩ','9'),(11,3,'Một con của thương binh hạng 2, một con của bệnh binh từ 81% trở lên, một con của người nhiễm chất độc da cam từ 81% trở lên','10'),(12,3,'Người làm công tác cơ yếu không phải là quân nhân, công an nhân dân','11'),(13,3,'Cán bộ, công chức, viên chức, thanh niên xong phong được điều động đến công tác, làm việc ở vùng có điều kiện KT-XH đặc biệt khó khăn từ 24 tháng trở lên','12'),(14,4,'Vi phạm tiêu chuẩn chính trị theo Thông tư 50/TTLT-BQP-BCA','13'),(15,5,'Chưa đủ tiêu chuẩn nhập ngũ, trình độ văn hóa thấp','14'),(16,5,'Đang thực hiện nghĩa vụ Dân quân - Tự vệ','15'),(17,6,'Có mặt tại địa phương','16'),(18,6,'(Đề nghị Hội Đồng NVQS xem xét chưa gọi khám sức khỏe đợt này','16A'),(19,6,'(Thực hiện nghĩa vụ tham gia Công an nhân dân)','17');
/*!40000 ALTER TABLE `lydo` ENABLE KEYS */;
UNLOCK TABLES;

--
-- Table structure for table `phanloailydo`
--

DROP TABLE IF EXISTS `phanloailydo`;
/*!40101 SET @saved_cs_client     = @@character_set_client */;
/*!40101 SET character_set_client = utf8 */;
CREATE TABLE `phanloailydo` (
  `idphanloailydo` int(11) NOT NULL AUTO_INCREMENT,
  `mota` varchar(255) COLLATE utf8_unicode_ci NOT NULL,
  `idlydo` int(11) NOT NULL,
  PRIMARY KEY (`idphanloailydo`),
  KEY `fk_phanloailydo_lydo` (`idlydo`),
  CONSTRAINT `fk_phanloailydo_lydo` FOREIGN KEY (`idlydo`) REFERENCES `lydo` (`idlydo`)
) ENGINE=InnoDB AUTO_INCREMENT=7 DEFAULT CHARSET=utf8 COLLATE=utf8_unicode_ci;
/*!40101 SET character_set_client = @saved_cs_client */;

--
-- Dumping data for table `phanloailydo`
--

LOCK TABLES `phanloailydo` WRITE;
/*!40000 ALTER TABLE `phanloailydo` DISABLE KEYS */;
INSERT INTO `phanloailydo` VALUES (1,'Đề nghị không gọi nhập ngũ vào quân đội:',14),(2,'Đề nghị chưa gọi nhập ngũ vào quân đội:',14),(3,'Công dân từ 18 đến hết 25 tuổi',17),(4,'Công dân được đạo tạo trình độ CĐ, ĐH đã được tạm hoãn gọi nhập ngũ đến hết 27 tuổi',17),(5,'Công dân từ 18 đến hết 25 tuổi',18),(6,'Công dân được đạo tạo trình độ CĐ, ĐH đã được tạm hoãn gọi nhập ngũ đến hết 27 tuổi',18);
/*!40000 ALTER TABLE `phanloailydo` ENABLE KEYS */;
UNLOCK TABLES;

--
-- Table structure for table `quyen`
--

DROP TABLE IF EXISTS `quyen`;
/*!40101 SET @saved_cs_client     = @@character_set_client */;
/*!40101 SET character_set_client = utf8 */;
CREATE TABLE `quyen` (
  `idquyen` int(11) NOT NULL AUTO_INCREMENT,
  `mota` varchar(45) COLLATE utf8_unicode_ci NOT NULL,
  PRIMARY KEY (`idquyen`)
) ENGINE=InnoDB AUTO_INCREMENT=3 DEFAULT CHARSET=utf8 COLLATE=utf8_unicode_ci;
/*!40101 SET character_set_client = @saved_cs_client */;

--
-- Dumping data for table `quyen`
--

LOCK TABLES `quyen` WRITE;
/*!40000 ALTER TABLE `quyen` DISABLE KEYS */;
INSERT INTO `quyen` VALUES (1,'Admin'),(2,'User');
/*!40000 ALTER TABLE `quyen` ENABLE KEYS */;
UNLOCK TABLES;

--
-- Table structure for table `user`
--

DROP TABLE IF EXISTS `user`;
/*!40101 SET @saved_cs_client     = @@character_set_client */;
/*!40101 SET character_set_client = utf8 */;
CREATE TABLE `user` (
  `username` varchar(25) COLLATE utf8_unicode_ci NOT NULL,
  `password` varchar(225) CHARACTER SET utf8 NOT NULL,
  `quyen` int(11) NOT NULL,
  `hoten` varchar(100) COLLATE utf8_unicode_ci DEFAULT NULL,
  `is_blocked` int(1) NOT NULL DEFAULT '0',
  `expired_date` date DEFAULT NULL,
  `avatar` varchar(255) COLLATE utf8_unicode_ci DEFAULT NULL,
  `ghi_chu` varchar(255) COLLATE utf8_unicode_ci DEFAULT NULL,
  PRIMARY KEY (`username`),
  KEY `fk_user_quyen` (`quyen`)
) ENGINE=InnoDB DEFAULT CHARSET=utf8 COLLATE=utf8_unicode_ci;
/*!40101 SET character_set_client = @saved_cs_client */;

--
-- Dumping data for table `user`
--

LOCK TABLES `user` WRITE;
/*!40000 ALTER TABLE `user` DISABLE KEYS */;
INSERT INTO `user` VALUES ('admin','$2a$10$em7NfrtgB8oxO2iNG75zV.20cvmM948ISJOUivfx3.8z311kOgzQ6',1,'(Admin) Vũ Xuân Tuấn Anh',0,NULL,NULL,'1231'),('user','$2a$10$HcQGNtvME6DddjKsfw47fOCaVi2OF0WRQl2ThisCCAPf8Ly2AyMqO',2,'HOÀNG DƯƠNG',0,NULL,NULL,'');
/*!40000 ALTER TABLE `user` ENABLE KEYS */;
UNLOCK TABLES;
/*!40103 SET TIME_ZONE=@OLD_TIME_ZONE */;

/*!40101 SET SQL_MODE=@OLD_SQL_MODE */;
/*!40014 SET FOREIGN_KEY_CHECKS=@OLD_FOREIGN_KEY_CHECKS */;
/*!40014 SET UNIQUE_CHECKS=@OLD_UNIQUE_CHECKS */;
/*!40101 SET CHARACTER_SET_CLIENT=@OLD_CHARACTER_SET_CLIENT */;
/*!40101 SET CHARACTER_SET_RESULTS=@OLD_CHARACTER_SET_RESULTS */;
/*!40101 SET COLLATION_CONNECTION=@OLD_COLLATION_CONNECTION */;
/*!40111 SET SQL_NOTES=@OLD_SQL_NOTES */;

-- Dump completed on 2017-08-04 10:23:55
